Region,Environment,BasinOrZone,SubBasinOrSubZone,WatercourseOrGeographicArea,Fy,Month,NMonths,NSamples,Units,Wqo,Sf,SubBasinArea,SubBasinProportionOfBasin,MonthlyMedianValues,Twentieth,Eightieth,Din,HighDo,LowDo,Tp,Turbidity,Frp,Nutrients,MinDo,PhysChem,OverallWq,DinWeighted,FrpWeighted,HighDoWeighted,LowDoWeighted,TpWeighted,TurbidityWeighted,NutrientsWeighted,PhysChemWeighted,OverallWqWeighted,DinGrade,HighDoGrade,LowDoGrade,TpGrade,TurbidityGrade,FrpGrade,NutrientsGrade,MinDoGrade,PhysChemGrade,OverallWqGrade,DinWeightedGrade,FrpWeightedGrade,HighDoWeightedGrade,LowDoWeightedGrade,TpWeightedGrade,TurbidityWeightedGrade,NutrientsWeightedGrade,PhysChemWeightedGrade,OverallWqWeightedGrade
DT,Freshwater,Ross,Upper Ross River,Ross Lake,2024,Jan,11,79,%.Sat,110,120,760,0.59,100,91,104,NA,100,NA,NA,NA,NA,NA,100,100,100,NA,NA,59,NA,NA,NA,NA,59,59,E,A,E,E,E,E,E,A,A,A,E,E,C,E,E,E,E,C,C
DT,Freshwater,Ross,Upper Ross River,Ross Lake,2024,Jan,11,79,%.Sat,90,70,760,0.59,100,91,104,NA,NA,100,NA,NA,NA,NA,100,100,100,NA,NA,NA,59,NA,NA,NA,59,59,E,E,A,E,E,E,E,A,A,A,E,E,E,C,E,E,E,C,C
DT,Freshwater,Ross,Upper Ross River,Ross Lake,2024,Mar,11,79,%.Sat,110,120,760,0.59,110,91,104,NA,100,NA,NA,NA,NA,NA,100,100,100,NA,NA,59,NA,NA,NA,NA,59,59,E,A,E,E,E,E,E,A,A,A,E,E,C,E,E,E,E,C,C
DT,Freshwater,Ross,Upper Ross River,Ross Lake,2024,Mar,11,79,%.Sat,90,70,760,0.59,110,91,104,NA,NA,100,NA,NA,NA,NA,100,100,100,NA,NA,NA,59,NA,NA,NA,59,59,E,E,A,E,E,E,E,A,A,A,E,E,E,C,E,E,E,C,C
DT,Freshwater,Ross,Upper Ross River,Ross Lake,2024,Apr,11,79,%.Sat,110,120,760,0.59,87,91,104,NA,100,NA,NA,NA,NA,NA,100,100,100,NA,NA,59,NA,NA,NA,NA,59,59,E,A,E,E,E,E,E,A,A,A,E,E,C,E,E,E,E,C,C
DT,Freshwater,Ross,Upper Ross River,Ross Lake,2024,Apr,11,79,%.Sat,90,70,760,0.59,87,91,104,NA,NA,100,NA,NA,NA,NA,100,100,100,NA,NA,NA,59,NA,NA,NA,59,59,E,E,A,E,E,E,E,A,A,A,E,E,E,C,E,E,E,C,C
DT,Freshwater,Ross,Upper Ross River,Ross Lake,2024,May,11,79,%.Sat,110,120,760,0.59,94,91,104,NA,100,NA,NA,NA,NA,NA,100,100,100,NA,NA,59,NA,NA,NA,NA,59,59,E,A,E,E,E,E,E,A,A,A,E,E,C,E,E,E,E,C,C
DT,Freshwater,Ross,Upper Ross River,Ross Lake,2024,May,11,79,%.Sat,90,70,760,0.59,94,91,104,NA,NA,100,NA,NA,NA,NA,100,100,100,NA,NA,NA,59,NA,NA,NA,59,59,E,E,A,E,E,E,E,A,A,A,E,E,E,C,E,E,E,C,C
DT,Freshwater,Ross,Upper Ross River,Ross Lake,2024,Jun,11,79,%.Sat,110,120,760,0.59,91,91,104,NA,100,NA,NA,NA,NA,NA,100,100,100,NA,NA,59,NA,NA,NA,NA,59,59,E,A,E,E,E,E,E,A,A,A,E,E,C,E,E,E,E,C,C
DT,Freshwater,Ross,Upper Ross River,Ross Lake,2024,Jun,11,79,%.Sat,90,70,760,0.59,91,91,104,NA,NA,100,NA,NA,NA,NA,100,100,100,NA,NA,NA,59,NA,NA,NA,59,59,E,E,A,E,E,E,E,A,A,A,E,E,E,C,E,E,E,C,C
DT,Freshwater,Ross,Upper Ross River,Ross Lake,2024,Jul,11,79,%.Sat,110,120,760,0.59,100,91,104,NA,100,NA,NA,NA,NA,NA,100,100,100,NA,NA,59,NA,NA,NA,NA,59,59,E,A,E,E,E,E,E,A,A,A,E,E,C,E,E,E,E,C,C
DT,Freshwater,Ross,Upper Ross River,Ross Lake,2024,Jul,11,79,%.Sat,90,70,760,0.59,100,91,104,NA,NA,100,NA,NA,NA,NA,100,100,100,NA,NA,NA,59,NA,NA,NA,59,59,E,E,A,E,E,E,E,A,A,A,E,E,E,C,E,E,E,C,C
DT,Freshwater,Ross,Upper Ross River,Ross Lake,2024,Aug,11,79,%.Sat,110,120,760,0.59,104,91,104,NA,100,NA,NA,NA,NA,NA,100,100,100,NA,NA,59,NA,NA,NA,NA,59,59,E,A,E,E,E,E,E,A,A,A,E,E,C,E,E,E,E,C,C
DT,Freshwater,Ross,Upper Ross River,Ross Lake,2024,Aug,11,79,%.Sat,90,70,760,0.59,104,91,104,NA,NA,100,NA,NA,NA,NA,100,100,100,NA,NA,NA,59,NA,NA,NA,59,59,E,E,A,E,E,E,E,A,A,A,E,E,E,C,E,E,E,C,C
DT,Freshwater,Ross,Upper Ross River,Ross Lake,2024,Sep,11,79,%.Sat,110,120,760,0.59,105,91,104,NA,100,NA,NA,NA,NA,NA,100,100,100,NA,NA,59,NA,NA,NA,NA,59,59,E,A,E,E,E,E,E,A,A,A,E,E,C,E,E,E,E,C,C
DT,Freshwater,Ross,Upper Ross River,Ross Lake,2024,Sep,11,79,%.Sat,90,70,760,0.59,105,91,104,NA,NA,100,NA,NA,NA,NA,100,100,100,NA,NA,NA,59,NA,NA,NA,59,59,E,E,A,E,E,E,E,A,A,A,E,E,E,C,E,E,E,C,C
DT,Freshwater,Ross,Upper Ross River,Ross Lake,2024,Oct,11,79,%.Sat,110,120,760,0.59,90,91,104,NA,100,NA,NA,NA,NA,NA,100,100,100,NA,NA,59,NA,NA,NA,NA,59,59,E,A,E,E,E,E,E,A,A,A,E,E,C,E,E,E,E,C,C
DT,Freshwater,Ross,Upper Ross River,Ross Lake,2024,Oct,11,79,%.Sat,90,70,760,0.59,90,91,104,NA,NA,100,NA,NA,NA,NA,100,100,100,NA,NA,NA,59,NA,NA,NA,59,59,E,E,A,E,E,E,E,A,A,A,E,E,E,C,E,E,E,C,C
DT,Freshwater,Ross,Upper Ross River,Ross Lake,2024,Nov,11,79,%.Sat,110,120,760,0.59,102,91,104,NA,100,NA,NA,NA,NA,NA,100,100,100,NA,NA,59,NA,NA,NA,NA,59,59,E,A,E,E,E,E,E,A,A,A,E,E,C,E,E,E,E,C,C
DT,Freshwater,Ross,Upper Ross River,Ross Lake,2024,Nov,11,79,%.Sat,90,70,760,0.59,102,91,104,NA,NA,100,NA,NA,NA,NA,100,100,100,NA,NA,NA,59,NA,NA,NA,59,59,E,E,A,E,E,E,E,A,A,A,E,E,E,C,E,E,E,C,C
DT,Freshwater,Ross,Upper Ross River,Ross Lake,2024,Dec,11,79,%.Sat,110,120,760,0.59,96,91,104,NA,100,NA,NA,NA,NA,NA,100,100,100,NA,NA,59,NA,NA,NA,NA,59,59,E,A,E,E,E,E,E,A,A,A,E,E,C,E,E,E,E,C,C
DT,Freshwater,Ross,Upper Ross River,Ross Lake,2024,Dec,11,79,%.Sat,90,70,760,0.59,96,91,104,NA,NA,100,NA,NA,NA,NA,100,100,100,NA,NA,NA,59,NA,NA,NA,59,59,E,E,A,E,E,E,E,A,A,A,E,E,E,C,E,E,E,C,C
DT,Freshwater,Ross,Lower Ross River,Aplins Weir,2024,Jan,11,11,%.Sat,110,120,123,0.1,17,65,90,NA,81,NA,NA,NA,NA,NA,81,81,81,NA,NA,7.8,NA,NA,NA,NA,7.8,7.8,E,A,E,E,E,E,E,A,A,A,E,E,E,E,E,E,E,E,E
DT,Freshwater,Ross,Lower Ross River,Aplins Weir,2024,Jan,11,11,%.Sat,90,70,123,0.1,17,65,90,NA,NA,81,NA,NA,NA,NA,81,81,81,NA,NA,NA,7.8,NA,NA,NA,7.8,7.8,E,E,A,E,E,E,E,A,A,A,E,E,E,E,E,E,E,E,E
DT,Freshwater,Ross,Lower Ross River,Aplins Weir,2024,Mar,11,11,%.Sat,110,120,123,0.1,59,65,90,NA,81,NA,NA,NA,NA,NA,81,81,81,NA,NA,7.8,NA,NA,NA,NA,7.8,7.8,E,A,E,E,E,E,E,A,A,A,E,E,E,E,E,E,E,E,E
DT,Freshwater,Ross,Lower Ross River,Aplins Weir,2024,Mar,11,11,%.Sat,90,70,123,0.1,59,65,90,NA,NA,81,NA,NA,NA,NA,81,81,81,NA,NA,NA,7.8,NA,NA,NA,7.8,7.8,E,E,A,E,E,E,E,A,A,A,E,E,E,E,E,E,E,E,E
DT,Freshwater,Ross,Lower Ross River,Aplins Weir,2024,Apr,11,11,%.Sat,110,120,123,0.1,65,65,90,NA,81,NA,NA,NA,NA,NA,81,81,81,NA,NA,7.8,NA,NA,NA,NA,7.8,7.8,E,A,E,E,E,E,E,A,A,A,E,E,E,E,E,E,E,E,E
DT,Freshwater,Ross,Lower Ross River,Aplins Weir,2024,Apr,11,11,%.Sat,90,70,123,0.1,65,65,90,NA,NA,81,NA,NA,NA,NA,81,81,81,NA,NA,NA,7.8,NA,NA,NA,7.8,7.8,E,E,A,E,E,E,E,A,A,A,E,E,E,E,E,E,E,E,E
DT,Freshwater,Ross,Lower Ross River,Aplins Weir,2024,May,11,11,%.Sat,110,120,123,0.1,82,65,90,NA,81,NA,NA,NA,NA,NA,81,81,81,NA,NA,7.8,NA,NA,NA,NA,7.8,7.8,E,A,E,E,E,E,E,A,A,A,E,E,E,E,E,E,E,E,E
DT,Freshwater,Ross,Lower Ross River,Aplins Weir,2024,May,11,11,%.Sat,90,70,123,0.1,82,65,90,NA,NA,81,NA,NA,NA,NA,81,81,81,NA,NA,NA,7.8,NA,NA,NA,7.8,7.8,E,E,A,E,E,E,E,A,A,A,E,E,E,E,E,E,E,E,E
DT,Freshwater,Ross,Lower Ross River,Aplins Weir,2024,Jun,11,11,%.Sat,110,120,123,0.1,77,65,90,NA,81,NA,NA,NA,NA,NA,81,81,81,NA,NA,7.8,NA,NA,NA,NA,7.8,7.8,E,A,E,E,E,E,E,A,A,A,E,E,E,E,E,E,E,E,E
DT,Freshwater,Ross,Lower Ross River,Aplins Weir,2024,Jun,11,11,%.Sat,90,70,123,0.1,77,65,90,NA,NA,81,NA,NA,NA,NA,81,81,81,NA,NA,NA,7.8,NA,NA,NA,7.8,7.8,E,E,A,E,E,E,E,A,A,A,E,E,E,E,E,E,E,E,E
DT,Freshwater,Ross,Lower Ross River,Aplins Weir,2024,Jul,11,11,%.Sat,110,120,123,0.1,75,65,90,NA,81,NA,NA,NA,NA,NA,81,81,81,NA,NA,7.8,NA,NA,NA,NA,7.8,7.8,E,A,E,E,E,E,E,A,A,A,E,E,E,E,E,E,E,E,E
DT,Freshwater,Ross,Lower Ross River,Aplins Weir,2024,Jul,11,11,%.Sat,90,70,123,0.1,75,65,90,NA,NA,81,NA,NA,NA,NA,81,81,81,NA,NA,NA,7.8,NA,NA,NA,7.8,7.8,E,E,A,E,E,E,E,A,A,A,E,E,E,E,E,E,E,E,E
DT,Freshwater,Ross,Lower Ross River,Aplins Weir,2024,Aug,11,11,%.Sat,110,120,123,0.1,99,65,90,NA,81,NA,NA,NA,NA,NA,81,81,81,NA,NA,7.8,NA,NA,NA,NA,7.8,7.8,E,A,E,E,E,E,E,A,A,A,E,E,E,E,E,E,E,E,E
DT,Freshwater,Ross,Lower Ross River,Aplins Weir,2024,Aug,11,11,%.Sat,90,70,123,0.1,99,65,90,NA,NA,81,NA,NA,NA,NA,81,81,81,NA,NA,NA,7.8,NA,NA,NA,7.8,7.8,E,E,A,E,E,E,E,A,A,A,E,E,E,E,E,E,E,E,E
DT,Freshwater,Ross,Lower Ross River,Aplins Weir,2024,Sep,11,11,%.Sat,110,120,123,0.1,98,65,90,NA,81,NA,NA,NA,NA,NA,81,81,81,NA,NA,7.8,NA,NA,NA,NA,7.8,7.8,E,A,E,E,E,E,E,A,A,A,E,E,E,E,E,E,E,E,E
DT,Freshwater,Ross,Lower Ross River,Aplins Weir,2024,Sep,11,11,%.Sat,90,70,123,0.1,98,65,90,NA,NA,81,NA,NA,NA,NA,81,81,81,NA,NA,NA,7.8,NA,NA,NA,7.8,7.8,E,E,A,E,E,E,E,A,A,A,E,E,E,E,E,E,E,E,E
DT,Freshwater,Ross,Lower Ross River,Aplins Weir,2024,Oct,11,11,%.Sat,110,120,123,0.1,90,65,90,NA,81,NA,NA,NA,NA,NA,81,81,81,NA,NA,7.8,NA,NA,NA,NA,7.8,7.8,E,A,E,E,E,E,E,A,A,A,E,E,E,E,E,E,E,E,E
DT,Freshwater,Ross,Lower Ross River,Aplins Weir,2024,Oct,11,11,%.Sat,90,70,123,0.1,90,65,90,NA,NA,81,NA,NA,NA,NA,81,81,81,NA,NA,NA,7.8,NA,NA,NA,7.8,7.8,E,E,A,E,E,E,E,A,A,A,E,E,E,E,E,E,E,E,E
DT,Freshwater,Ross,Lower Ross River,Aplins Weir,2024,Nov,11,11,%.Sat,110,120,123,0.1,81,65,90,NA,81,NA,NA,NA,NA,NA,81,81,81,NA,NA,7.8,NA,NA,NA,NA,7.8,7.8,E,A,E,E,E,E,E,A,A,A,E,E,E,E,E,E,E,E,E
DT,Freshwater,Ross,Lower Ross River,Aplins Weir,2024,Nov,11,11,%.Sat,90,70,123,0.1,81,65,90,NA,NA,81,NA,NA,NA,NA,81,81,81,NA,NA,NA,7.8,NA,NA,NA,7.8,7.8,E,E,A,E,E,E,E,A,A,A,E,E,E,E,E,E,E,E,E
DT,Freshwater,Ross,Lower Ross River,Aplins Weir,2024,Dec,11,11,%.Sat,110,120,123,0.1,82,65,90,NA,81,NA,NA,NA,NA,NA,81,81,81,NA,NA,7.8,NA,NA,NA,NA,7.8,7.8,E,A,E,E,E,E,E,A,A,A,E,E,E,E,E,E,E,E,E
DT,Freshwater,Ross,Lower Ross River,Aplins Weir,2024,Dec,11,11,%.Sat,90,70,123,0.1,82,65,90,NA,NA,81,NA,NA,NA,NA,81,81,81,NA,NA,NA,7.8,NA,NA,NA,7.8,7.8,E,E,A,E,E,E,E,A,A,A,E,E,E,E,E,E,E,E,E
DT,Freshwater,Ross,Lower Ross River,Gleesons Weir,2024,Jan,11,11,%.Sat,110,120,123,0.1,52,67,84,NA,81,NA,NA,NA,NA,NA,81,81,81,NA,NA,7.8,NA,NA,NA,NA,7.8,7.8,E,A,E,E,E,E,E,A,A,A,E,E,E,E,E,E,E,E,E
DT,Freshwater,Ross,Lower Ross River,Gleesons Weir,2024,Jan,11,11,%.Sat,90,70,123,0.1,52,67,84,NA,NA,81,NA,NA,NA,NA,81,81,81,NA,NA,NA,7.8,NA,NA,NA,7.8,7.8,E,E,A,E,E,E,E,A,A,A,E,E,E,E,E,E,E,E,E
DT,Freshwater,Ross,Lower Ross River,Gleesons Weir,2024,Mar,11,11,%.Sat,110,120,123,0.1,72,67,84,NA,81,NA,NA,NA,NA,NA,81,81,81,NA,NA,7.8,NA,NA,NA,NA,7.8,7.8,E,A,E,E,E,E,E,A,A,A,E,E,E,E,E,E,E,E,E
DT,Freshwater,Ross,Lower Ross River,Gleesons Weir,2024,Mar,11,11,%.Sat,90,70,123,0.1,72,67,84,NA,NA,81,NA,NA,NA,NA,81,81,81,NA,NA,NA,7.8,NA,NA,NA,7.8,7.8,E,E,A,E,E,E,E,A,A,A,E,E,E,E,E,E,E,E,E
DT,Freshwater,Ross,Lower Ross River,Gleesons Weir,2024,Apr,11,11,%.Sat,110,120,123,0.1,88,67,84,NA,81,NA,NA,NA,NA,NA,81,81,81,NA,NA,7.8,NA,NA,NA,NA,7.8,7.8,E,A,E,E,E,E,E,A,A,A,E,E,E,E,E,E,E,E,E
DT,Freshwater,Ross,Lower Ross River,Gleesons Weir,2024,Apr,11,11,%.Sat,90,70,123,0.1,88,67,84,NA,NA,81,NA,NA,NA,NA,81,81,81,NA,NA,NA,7.8,NA,NA,NA,7.8,7.8,E,E,A,E,E,E,E,A,A,A,E,E,E,E,E,E,E,E,E
DT,Freshwater,Ross,Lower Ross River,Gleesons Weir,2024,May,11,11,%.Sat,110,120,123,0.1,83,67,84,NA,81,NA,NA,NA,NA,NA,81,81,81,NA,NA,7.8,NA,NA,NA,NA,7.8,7.8,E,A,E,E,E,E,E,A,A,A,E,E,E,E,E,E,E,E,E
DT,Freshwater,Ross,Lower Ross River,Gleesons Weir,2024,May,11,11,%.Sat,90,70,123,0.1,83,67,84,NA,NA,81,NA,NA,NA,NA,81,81,81,NA,NA,NA,7.8,NA,NA,NA,7.8,7.8,E,E,A,E,E,E,E,A,A,A,E,E,E,E,E,E,E,E,E
DT,Freshwater,Ross,Lower Ross River,Gleesons Weir,2024,Jun,11,11,%.Sat,110,120,123,0.1,64,67,84,NA,81,NA,NA,NA,NA,NA,81,81,81,NA,NA,7.8,NA,NA,NA,NA,7.8,7.8,E,A,E,E,E,E,E,A,A,A,E,E,E,E,E,E,E,E,E
DT,Freshwater,Ross,Lower Ross River,Gleesons Weir,2024,Jun,11,11,%.Sat,90,70,123,0.1,64,67,84,NA,NA,81,NA,NA,NA,NA,81,81,81,NA,NA,NA,7.8,NA,NA,NA,7.8,7.8,E,E,A,E,E,E,E,A,A,A,E,E,E,E,E,E,E,E,E
DT,Freshwater,Ross,Lower Ross River,Gleesons Weir,2024,Jul,11,11,%.Sat,110,120,123,0.1,79,67,84,NA,81,NA,NA,NA,NA,NA,81,81,81,NA,NA,7.8,NA,NA,NA,NA,7.8,7.8,E,A,E,E,E,E,E,A,A,A,E,E,E,E,E,E,E,E,E
DT,Freshwater,Ross,Lower Ross River,Gleesons Weir,2024,Jul,11,11,%.Sat,90,70,123,0.1,79,67,84,NA,NA,81,NA,NA,NA,NA,81,81,81,NA,NA,NA,7.8,NA,NA,NA,7.8,7.8,E,E,A,E,E,E,E,A,A,A,E,E,E,E,E,E,E,E,E
DT,Freshwater,Ross,Lower Ross River,Gleesons Weir,2024,Aug,11,11,%.Sat,110,120,123,0.1,98,67,84,NA,81,NA,NA,NA,NA,NA,81,81,81,NA,NA,7.8,NA,NA,NA,NA,7.8,7.8,E,A,E,E,E,E,E,A,A,A,E,E,E,E,E,E,E,E,E
DT,Freshwater,Ross,Lower Ross River,Gleesons Weir,2024,Aug,11,11,%.Sat,90,70,123,0.1,98,67,84,NA,NA,81,NA,NA,NA,NA,81,81,81,NA,NA,NA,7.8,NA,NA,NA,7.8,7.8,E,E,A,E,E,E,E,A,A,A,E,E,E,E,E,E,E,E,E
DT,Freshwater,Ross,Lower Ross River,Gleesons Weir,2024,Sep,11,11,%.Sat,110,120,123,0.1,84,67,84,NA,81,NA,NA,NA,NA,NA,81,81,81,NA,NA,7.8,NA,NA,NA,NA,7.8,7.8,E,A,E,E,E,E,E,A,A,A,E,E,E,E,E,E,E,E,E
DT,Freshwater,Ross,Lower Ross River,Gleesons Weir,2024,Sep,11,11,%.Sat,90,70,123,0.1,84,67,84,NA,NA,81,NA,NA,NA,NA,81,81,81,NA,NA,NA,7.8,NA,NA,NA,7.8,7.8,E,E,A,E,E,E,E,A,A,A,E,E,E,E,E,E,E,E,E
DT,Freshwater,Ross,Lower Ross River,Gleesons Weir,2024,Oct,11,11,%.Sat,110,120,123,0.1,67,67,84,NA,81,NA,NA,NA,NA,NA,81,81,81,NA,NA,7.8,NA,NA,NA,NA,7.8,7.8,E,A,E,E,E,E,E,A,A,A,E,E,E,E,E,E,E,E,E
DT,Freshwater,Ross,Lower Ross River,Gleesons Weir,2024,Oct,11,11,%.Sat,90,70,123,0.1,67,67,84,NA,NA,81,NA,NA,NA,NA,81,81,81,NA,NA,NA,7.8,NA,NA,NA,7.8,7.8,E,E,A,E,E,E,E,A,A,A,E,E,E,E,E,E,E,E,E
DT,Freshwater,Ross,Lower Ross River,Gleesons Weir,2024,Nov,11,11,%.Sat,110,120,123,0.1,81,67,84,NA,81,NA,NA,NA,NA,NA,81,81,81,NA,NA,7.8,NA,NA,NA,NA,7.8,7.8,E,A,E,E,E,E,E,A,A,A,E,E,E,E,E,E,E,E,E
DT,Freshwater,Ross,Lower Ross River,Gleesons Weir,2024,Nov,11,11,%.Sat,90,70,123,0.1,81,67,84,NA,NA,81,NA,NA,NA,NA,81,81,81,NA,NA,NA,7.8,NA,NA,NA,7.8,7.8,E,E,A,E,E,E,E,A,A,A,E,E,E,E,E,E,E,E,E
DT,Freshwater,Ross,Lower Ross River,Gleesons Weir,2024,Dec,11,11,%.Sat,110,120,123,0.1,83,67,84,NA,81,NA,NA,NA,NA,NA,81,81,81,NA,NA,7.8,NA,NA,NA,NA,7.8,7.8,E,A,E,E,E,E,E,A,A,A,E,E,E,E,E,E,E,E,E
DT,Freshwater,Ross,Lower Ross River,Gleesons Weir,2024,Dec,11,11,%.Sat,90,70,123,0.1,83,67,84,NA,NA,81,NA,NA,NA,NA,81,81,81,NA,NA,NA,7.8,NA,NA,NA,7.8,7.8,E,E,A,E,E,E,E,A,A,A,E,E,E,E,E,E,E,E,E
DT,Freshwater,Ross,Lower Ross River,Blacks Weir,2024,Jan,11,11,%.Sat,110,120,123,0.1,77,71,89,NA,77,NA,NA,NA,NA,NA,77,77,77,NA,NA,7.4,NA,NA,NA,NA,7.4,7.4,E,B,E,E,E,E,E,B,B,B,E,E,E,E,E,E,E,E,E
DT,Freshwater,Ross,Lower Ross River,Blacks Weir,2024,Jan,11,11,%.Sat,90,70,123,0.1,77,71,89,NA,NA,77,NA,NA,NA,NA,77,77,77,NA,NA,NA,7.4,NA,NA,NA,7.4,7.4,E,E,B,E,E,E,E,B,B,B,E,E,E,E,E,E,E,E,E
DT,Freshwater,Ross,Lower Ross River,Blacks Weir,2024,Mar,11,11,%.Sat,110,120,123,0.1,49,71,89,NA,77,NA,NA,NA,NA,NA,77,77,77,NA,NA,7.4,NA,NA,NA,NA,7.4,7.4,E,B,E,E,E,E,E,B,B,B,E,E,E,E,E,E,E,E,E
DT,Freshwater,Ross,Lower Ross River,Blacks Weir,2024,Mar,11,11,%.Sat,90,70,123,0.1,49,71,89,NA,NA,77,NA,NA,NA,NA,77,77,77,NA,NA,NA,7.4,NA,NA,NA,7.4,7.4,E,E,B,E,E,E,E,B,B,B,E,E,E,E,E,E,E,E,E
DT,Freshwater,Ross,Lower Ross River,Blacks Weir,2024,Apr,11,11,%.Sat,110,120,123,0.1,61,71,89,NA,77,NA,NA,NA,NA,NA,77,77,77,NA,NA,7.4,NA,NA,NA,NA,7.4,7.4,E,B,E,E,E,E,E,B,B,B,E,E,E,E,E,E,E,E,E
DT,Freshwater,Ross,Lower Ross River,Blacks Weir,2024,Apr,11,11,%.Sat,90,70,123,0.1,61,71,89,NA,NA,77,NA,NA,NA,NA,77,77,77,NA,NA,NA,7.4,NA,NA,NA,7.4,7.4,E,E,B,E,E,E,E,B,B,B,E,E,E,E,E,E,E,E,E
DT,Freshwater,Ross,Lower Ross River,Blacks Weir,2024,May,11,11,%.Sat,110,120,123,0.1,77,71,89,NA,77,NA,NA,NA,NA,NA,77,77,77,NA,NA,7.4,NA,NA,NA,NA,7.4,7.4,E,B,E,E,E,E,E,B,B,B,E,E,E,E,E,E,E,E,E
DT,Freshwater,Ross,Lower Ross River,Blacks Weir,2024,May,11,11,%.Sat,90,70,123,0.1,77,71,89,NA,NA,77,NA,NA,NA,NA,77,77,77,NA,NA,NA,7.4,NA,NA,NA,7.4,7.4,E,E,B,E,E,E,E,B,B,B,E,E,E,E,E,E,E,E,E
DT,Freshwater,Ross,Lower Ross River,Blacks Weir,2024,Jun,11,11,%.Sat,110,120,123,0.1,75,71,89,NA,77,NA,NA,NA,NA,NA,77,77,77,NA,NA,7.4,NA,NA,NA,NA,7.4,7.4,E,B,E,E,E,E,E,B,B,B,E,E,E,E,E,E,E,E,E
DT,Freshwater,Ross,Lower Ross River,Blacks Weir,2024,Jun,11,11,%.Sat,90,70,123,0.1,75,71,89,NA,NA,77,NA,NA,NA,NA,77,77,77,NA,NA,NA,7.4,NA,NA,NA,7.4,7.4,E,E,B,E,E,E,E,B,B,B,E,E,E,E,E,E,E,E,E
DT,Freshwater,Ross,Lower Ross River,Blacks Weir,2024,Jul,11,11,%.Sat,110,120,123,0.1,71,71,89,NA,77,NA,NA,NA,NA,NA,77,77,77,NA,NA,7.4,NA,NA,NA,NA,7.4,7.4,E,B,E,E,E,E,E,B,B,B,E,E,E,E,E,E,E,E,E
DT,Freshwater,Ross,Lower Ross River,Blacks Weir,2024,Jul,11,11,%.Sat,90,70,123,0.1,71,71,89,NA,NA,77,NA,NA,NA,NA,77,77,77,NA,NA,NA,7.4,NA,NA,NA,7.4,7.4,E,E,B,E,E,E,E,B,B,B,E,E,E,E,E,E,E,E,E
DT,Freshwater,Ross,Lower Ross River,Blacks Weir,2024,Aug,11,11,%.Sat,110,120,123,0.1,98,71,89,NA,77,NA,NA,NA,NA,NA,77,77,77,NA,NA,7.4,NA,NA,NA,NA,7.4,7.4,E,B,E,E,E,E,E,B,B,B,E,E,E,E,E,E,E,E,E
DT,Freshwater,Ross,Lower Ross River,Blacks Weir,2024,Aug,11,11,%.Sat,90,70,123,0.1,98,71,89,NA,NA,77,NA,NA,NA,NA,77,77,77,NA,NA,NA,7.4,NA,NA,NA,7.4,7.4,E,E,B,E,E,E,E,B,B,B,E,E,E,E,E,E,E,E,E
DT,Freshwater,Ross,Lower Ross River,Blacks Weir,2024,Sep,11,11,%.Sat,110,120,123,0.1,89,71,89,NA,77,NA,NA,NA,NA,NA,77,77,77,NA,NA,7.4,NA,NA,NA,NA,7.4,7.4,E,B,E,E,E,E,E,B,B,B,E,E,E,E,E,E,E,E,E
DT,Freshwater,Ross,Lower Ross River,Blacks Weir,2024,Sep,11,11,%.Sat,90,70,123,0.1,89,71,89,NA,NA,77,NA,NA,NA,NA,77,77,77,NA,NA,NA,7.4,NA,NA,NA,7.4,7.4,E,E,B,E,E,E,E,B,B,B,E,E,E,E,E,E,E,E,E
DT,Freshwater,Ross,Lower Ross River,Blacks Weir,2024,Oct,11,11,%.Sat,110,120,123,0.1,83,71,89,NA,77,NA,NA,NA,NA,NA,77,77,77,NA,NA,7.4,NA,NA,NA,NA,7.4,7.4,E,B,E,E,E,E,E,B,B,B,E,E,E,E,E,E,E,E,E
DT,Freshwater,Ross,Lower Ross River,Blacks Weir,2024,Oct,11,11,%.Sat,90,70,123,0.1,83,71,89,NA,NA,77,NA,NA,NA,NA,77,77,77,NA,NA,NA,7.4,NA,NA,NA,7.4,7.4,E,E,B,E,E,E,E,B,B,B,E,E,E,E,E,E,E,E,E
DT,Freshwater,Ross,Lower Ross River,Blacks Weir,2024,Nov,11,11,%.Sat,110,120,123,0.1,90,71,89,NA,77,NA,NA,NA,NA,NA,77,77,77,NA,NA,7.4,NA,NA,NA,NA,7.4,7.4,E,B,E,E,E,E,E,B,B,B,E,E,E,E,E,E,E,E,E
DT,Freshwater,Ross,Lower Ross River,Blacks Weir,2024,Nov,11,11,%.Sat,90,70,123,0.1,90,71,89,NA,NA,77,NA,NA,NA,NA,77,77,77,NA,NA,NA,7.4,NA,NA,NA,7.4,7.4,E,E,B,E,E,E,E,B,B,B,E,E,E,E,E,E,E,E,E
DT,Freshwater,Ross,Lower Ross River,Blacks Weir,2024,Dec,11,11,%.Sat,110,120,123,0.1,87,71,89,NA,77,NA,NA,NA,NA,NA,77,77,77,NA,NA,7.4,NA,NA,NA,NA,7.4,7.4,E,B,E,E,E,E,E,B,B,B,E,E,E,E,E,E,E,E,E
DT,Freshwater,Ross,Lower Ross River,Blacks Weir,2024,Dec,11,11,%.Sat,90,70,123,0.1,87,71,89,NA,NA,77,NA,NA,NA,NA,77,77,77,NA,NA,NA,7.4,NA,NA,NA,7.4,7.4,E,E,B,E,E,E,E,B,B,B,E,E,E,E,E,E,E,E,E
DT,Freshwater,Ross,Bohle River,Bohle Mid-Field,2024,Jan,11,12,%.Sat,110,120,305,0.24,74,42,74,NA,64,NA,NA,NA,NA,NA,64,64,64,NA,NA,15.2,NA,NA,NA,NA,15.2,15.2,E,B,E,E,E,E,E,B,B,B,E,E,E,E,E,E,E,E,E
DT,Freshwater,Ross,Bohle River,Bohle Mid-Field,2024,Jan,11,12,%.Sat,85,70,305,0.24,74,42,74,NA,NA,64,NA,NA,NA,NA,64,64,64,NA,NA,NA,15.2,NA,NA,NA,15.2,15.2,E,E,B,E,E,E,E,B,B,B,E,E,E,E,E,E,E,E,E
DT,Freshwater,Ross,Bohle River,Bohle Mid-Field,2024,Feb,11,12,%.Sat,110,120,305,0.24,80,42,74,NA,64,NA,NA,NA,NA,NA,64,64,64,NA,NA,15.2,NA,NA,NA,NA,15.2,15.2,E,B,E,E,E,E,E,B,B,B,E,E,E,E,E,E,E,E,E
DT,Freshwater,Ross,Bohle River,Bohle Mid-Field,2024,Feb,11,12,%.Sat,85,70,305,0.24,80,42,74,NA,NA,64,NA,NA,NA,NA,64,64,64,NA,NA,NA,15.2,NA,NA,NA,15.2,15.2,E,E,B,E,E,E,E,B,B,B,E,E,E,E,E,E,E,E,E
DT,Freshwater,Ross,Bohle River,Bohle Mid-Field,2024,Mar,11,12,%.Sat,110,120,305,0.24,48,42,74,NA,64,NA,NA,NA,NA,NA,64,64,64,NA,NA,15.2,NA,NA,NA,NA,15.2,15.2,E,B,E,E,E,E,E,B,B,B,E,E,E,E,E,E,E,E,E
DT,Freshwater,Ross,Bohle River,Bohle Mid-Field,2024,Mar,11,12,%.Sat,85,70,305,0.24,48,42,74,NA,NA,64,NA,NA,NA,NA,64,64,64,NA,NA,NA,15.2,NA,NA,NA,15.2,15.2,E,E,B,E,E,E,E,B,B,B,E,E,E,E,E,E,E,E,E
DT,Freshwater,Ross,Bohle River,Bohle Mid-Field,2024,Apr,11,12,%.Sat,110,120,305,0.24,66,42,74,NA,64,NA,NA,NA,NA,NA,64,64,64,NA,NA,15.2,NA,NA,NA,NA,15.2,15.2,E,B,E,E,E,E,E,B,B,B,E,E,E,E,E,E,E,E,E
DT,Freshwater,Ross,Bohle River,Bohle Mid-Field,2024,Apr,11,12,%.Sat,85,70,305,0.24,66,42,74,NA,NA,64,NA,NA,NA,NA,64,64,64,NA,NA,NA,15.2,NA,NA,NA,15.2,15.2,E,E,B,E,E,E,E,B,B,B,E,E,E,E,E,E,E,E,E
DT,Freshwater,Ross,Bohle River,Bohle Mid-Field,2024,May,11,12,%.Sat,110,120,305,0.24,42,42,74,NA,64,NA,NA,NA,NA,NA,64,64,64,NA,NA,15.2,NA,NA,NA,NA,15.2,15.2,E,B,E,E,E,E,E,B,B,B,E,E,E,E,E,E,E,E,E
DT,Freshwater,Ross,Bohle River,Bohle Mid-Field,2024,May,11,12,%.Sat,85,70,305,0.24,42,42,74,NA,NA,64,NA,NA,NA,NA,64,64,64,NA,NA,NA,15.2,NA,NA,NA,15.2,15.2,E,E,B,E,E,E,E,B,B,B,E,E,E,E,E,E,E,E,E
DT,Freshwater,Ross,Bohle River,Bohle Mid-Field,2024,Jun,11,12,%.Sat,110,120,305,0.24,62,42,74,NA,64,NA,NA,NA,NA,NA,64,64,64,NA,NA,15.2,NA,NA,NA,NA,15.2,15.2,E,B,E,E,E,E,E,B,B,B,E,E,E,E,E,E,E,E,E
DT,Freshwater,Ross,Bohle River,Bohle Mid-Field,2024,Jun,11,12,%.Sat,85,70,305,0.24,62,42,74,NA,NA,64,NA,NA,NA,NA,64,64,64,NA,NA,NA,15.2,NA,NA,NA,15.2,15.2,E,E,B,E,E,E,E,B,B,B,E,E,E,E,E,E,E,E,E
DT,Freshwater,Ross,Bohle River,Bohle Mid-Field,2024,Aug,11,12,%.Sat,110,120,305,0.24,77,42,74,NA,64,NA,NA,NA,NA,NA,64,64,64,NA,NA,15.2,NA,NA,NA,NA,15.2,15.2,E,B,E,E,E,E,E,B,B,B,E,E,E,E,E,E,E,E,E
DT,Freshwater,Ross,Bohle River,Bohle Mid-Field,2024,Aug,11,12,%.Sat,85,70,305,0.24,77,42,74,NA,NA,64,NA,NA,NA,NA,64,64,64,NA,NA,NA,15.2,NA,NA,NA,15.2,15.2,E,E,B,E,E,E,E,B,B,B,E,E,E,E,E,E,E,E,E
DT,Freshwater,Ross,Bohle River,Bohle Mid-Field,2024,Sep,11,12,%.Sat,110,120,305,0.24,64,42,74,NA,64,NA,NA,NA,NA,NA,64,64,64,NA,NA,15.2,NA,NA,NA,NA,15.2,15.2,E,B,E,E,E,E,E,B,B,B,E,E,E,E,E,E,E,E,E
DT,Freshwater,Ross,Bohle River,Bohle Mid-Field,2024,Sep,11,12,%.Sat,85,70,305,0.24,64,42,74,NA,NA,64,NA,NA,NA,NA,64,64,64,NA,NA,NA,15.2,NA,NA,NA,15.2,15.2,E,E,B,E,E,E,E,B,B,B,E,E,E,E,E,E,E,E,E
DT,Freshwater,Ross,Bohle River,Bohle Mid-Field,2024,Oct,11,12,%.Sat,110,120,305,0.24,70,42,74,NA,64,NA,NA,NA,NA,NA,64,64,64,NA,NA,15.2,NA,NA,NA,NA,15.2,15.2,E,B,E,E,E,E,E,B,B,B,E,E,E,E,E,E,E,E,E
DT,Freshwater,Ross,Bohle River,Bohle Mid-Field,2024,Oct,11,12,%.Sat,85,70,305,0.24,70,42,74,NA,NA,64,NA,NA,NA,NA,64,64,64,NA,NA,NA,15.2,NA,NA,NA,15.2,15.2,E,E,B,E,E,E,E,B,B,B,E,E,E,E,E,E,E,E,E
DT,Freshwater,Ross,Bohle River,Bohle Mid-Field,2024,Nov,11,12,%.Sat,110,120,305,0.24,34,42,74,NA,64,NA,NA,NA,NA,NA,64,64,64,NA,NA,15.2,NA,NA,NA,NA,15.2,15.2,E,B,E,E,E,E,E,B,B,B,E,E,E,E,E,E,E,E,E
DT,Freshwater,Ross,Bohle River,Bohle Mid-Field,2024,Nov,11,12,%.Sat,85,70,305,0.24,34,42,74,NA,NA,64,NA,NA,NA,NA,64,64,64,NA,NA,NA,15.2,NA,NA,NA,15.2,15.2,E,E,B,E,E,E,E,B,B,B,E,E,E,E,E,E,E,E,E
DT,Freshwater,Ross,Bohle River,Bohle Mid-Field,2024,Dec,11,12,%.Sat,110,120,305,0.24,40,42,74,NA,64,NA,NA,NA,NA,NA,64,64,64,NA,NA,15.2,NA,NA,NA,NA,15.2,15.2,E,B,E,E,E,E,E,B,B,B,E,E,E,E,E,E,E,E,E
DT,Freshwater,Ross,Bohle River,Bohle Mid-Field,2024,Dec,11,12,%.Sat,85,70,305,0.24,40,42,74,NA,NA,64,NA,NA,NA,NA,64,64,64,NA,NA,NA,15.2,NA,NA,NA,15.2,15.2,E,E,B,E,E,E,E,B,B,B,E,E,E,E,E,E,E,E,E
DT,Freshwater,Ross,Bohle River,Bohle Far-Field,2024,Jan,11,12,%.Sat,110,120,305,0.24,49,45,52,NA,48,NA,NA,NA,NA,NA,48,48,48,NA,NA,11.4,NA,NA,NA,NA,11.4,11.4,E,C,E,E,E,E,E,C,C,C,E,E,E,E,E,E,E,E,E
DT,Freshwater,Ross,Bohle River,Bohle Far-Field,2024,Jan,11,12,%.Sat,85,70,305,0.24,49,45,52,NA,NA,48,NA,NA,NA,NA,48,48,48,NA,NA,NA,11.4,NA,NA,NA,11.4,11.4,E,E,C,E,E,E,E,C,C,C,E,E,E,E,E,E,E,E,E
DT,Freshwater,Ross,Bohle River,Bohle Far-Field,2024,Feb,11,12,%.Sat,110,120,305,0.24,45,45,52,NA,48,NA,NA,NA,NA,NA,48,48,48,NA,NA,11.4,NA,NA,NA,NA,11.4,11.4,E,C,E,E,E,E,E,C,C,C,E,E,E,E,E,E,E,E,E
DT,Freshwater,Ross,Bohle River,Bohle Far-Field,2024,Feb,11,12,%.Sat,85,70,305,0.24,45,45,52,NA,NA,48,NA,NA,NA,NA,48,48,48,NA,NA,NA,11.4,NA,NA,NA,11.4,11.4,E,E,C,E,E,E,E,C,C,C,E,E,E,E,E,E,E,E,E
DT,Freshwater,Ross,Bohle River,Bohle Far-Field,2024,Mar,11,12,%.Sat,110,120,305,0.24,52,45,52,NA,48,NA,NA,NA,NA,NA,48,48,48,NA,NA,11.4,NA,NA,NA,NA,11.4,11.4,E,C,E,E,E,E,E,C,C,C,E,E,E,E,E,E,E,E,E
DT,Freshwater,Ross,Bohle River,Bohle Far-Field,2024,Mar,11,12,%.Sat,85,70,305,0.24,52,45,52,NA,NA,48,NA,NA,NA,NA,48,48,48,NA,NA,NA,11.4,NA,NA,NA,11.4,11.4,E,E,C,E,E,E,E,C,C,C,E,E,E,E,E,E,E,E,E
DT,Freshwater,Ross,Bohle River,Bohle Far-Field,2024,Apr,11,12,%.Sat,110,120,305,0.24,68,45,52,NA,48,NA,NA,NA,NA,NA,48,48,48,NA,NA,11.4,NA,NA,NA,NA,11.4,11.4,E,C,E,E,E,E,E,C,C,C,E,E,E,E,E,E,E,E,E
DT,Freshwater,Ross,Bohle River,Bohle Far-Field,2024,Apr,11,12,%.Sat,85,70,305,0.24,68,45,52,NA,NA,48,NA,NA,NA,NA,48,48,48,NA,NA,NA,11.4,NA,NA,NA,11.4,11.4,E,E,C,E,E,E,E,C,C,C,E,E,E,E,E,E,E,E,E
DT,Freshwater,Ross,Bohle River,Bohle Far-Field,2024,May,11,12,%.Sat,110,120,305,0.24,26,45,52,NA,48,NA,NA,NA,NA,NA,48,48,48,NA,NA,11.4,NA,NA,NA,NA,11.4,11.4,E,C,E,E,E,E,E,C,C,C,E,E,E,E,E,E,E,E,E
DT,Freshwater,Ross,Bohle River,Bohle Far-Field,2024,May,11,12,%.Sat,85,70,305,0.24,26,45,52,NA,NA,48,NA,NA,NA,NA,48,48,48,NA,NA,NA,11.4,NA,NA,NA,11.4,11.4,E,E,C,E,E,E,E,C,C,C,E,E,E,E,E,E,E,E,E
DT,Freshwater,Ross,Bohle River,Bohle Far-Field,2024,Jun,11,12,%.Sat,110,120,305,0.24,46,45,52,NA,48,NA,NA,NA,NA,NA,48,48,48,NA,NA,11.4,NA,NA,NA,NA,11.4,11.4,E,C,E,E,E,E,E,C,C,C,E,E,E,E,E,E,E,E,E
DT,Freshwater,Ross,Bohle River,Bohle Far-Field,2024,Jun,11,12,%.Sat,85,70,305,0.24,46,45,52,NA,NA,48,NA,NA,NA,NA,48,48,48,NA,NA,NA,11.4,NA,NA,NA,11.4,11.4,E,E,C,E,E,E,E,C,C,C,E,E,E,E,E,E,E,E,E
DT,Freshwater,Ross,Bohle River,Bohle Far-Field,2024,Aug,11,12,%.Sat,110,120,305,0.24,48,45,52,NA,48,NA,NA,NA,NA,NA,48,48,48,NA,NA,11.4,NA,NA,NA,NA,11.4,11.4,E,C,E,E,E,E,E,C,C,C,E,E,E,E,E,E,E,E,E
DT,Freshwater,Ross,Bohle River,Bohle Far-Field,2024,Aug,11,12,%.Sat,85,70,305,0.24,48,45,52,NA,NA,48,NA,NA,NA,NA,48,48,48,NA,NA,NA,11.4,NA,NA,NA,11.4,11.4,E,E,C,E,E,E,E,C,C,C,E,E,E,E,E,E,E,E,E
DT,Freshwater,Ross,Bohle River,Bohle Far-Field,2024,Sep,11,12,%.Sat,110,120,305,0.24,49,45,52,NA,48,NA,NA,NA,NA,NA,48,48,48,NA,NA,11.4,NA,NA,NA,NA,11.4,11.4,E,C,E,E,E,E,E,C,C,C,E,E,E,E,E,E,E,E,E
DT,Freshwater,Ross,Bohle River,Bohle Far-Field,2024,Sep,11,12,%.Sat,85,70,305,0.24,49,45,52,NA,NA,48,NA,NA,NA,NA,48,48,48,NA,NA,NA,11.4,NA,NA,NA,11.4,11.4,E,E,C,E,E,E,E,C,C,C,E,E,E,E,E,E,E,E,E
DT,Freshwater,Ross,Bohle River,Bohle Far-Field,2024,Oct,11,12,%.Sat,110,120,305,0.24,52,45,52,NA,48,NA,NA,NA,NA,NA,48,48,48,NA,NA,11.4,NA,NA,NA,NA,11.4,11.4,E,C,E,E,E,E,E,C,C,C,E,E,E,E,E,E,E,E,E
DT,Freshwater,Ross,Bohle River,Bohle Far-Field,2024,Oct,11,12,%.Sat,85,70,305,0.24,52,45,52,NA,NA,48,NA,NA,NA,NA,48,48,48,NA,NA,NA,11.4,NA,NA,NA,11.4,11.4,E,E,C,E,E,E,E,C,C,C,E,E,E,E,E,E,E,E,E
DT,Freshwater,Ross,Bohle River,Bohle Far-Field,2024,Nov,11,12,%.Sat,110,120,305,0.24,29,45,52,NA,48,NA,NA,NA,NA,NA,48,48,48,NA,NA,11.4,NA,NA,NA,NA,11.4,11.4,E,C,E,E,E,E,E,C,C,C,E,E,E,E,E,E,E,E,E
DT,Freshwater,Ross,Bohle River,Bohle Far-Field,2024,Nov,11,12,%.Sat,85,70,305,0.24,29,45,52,NA,NA,48,NA,NA,NA,NA,48,48,48,NA,NA,NA,11.4,NA,NA,NA,11.4,11.4,E,E,C,E,E,E,E,C,C,C,E,E,E,E,E,E,E,E,E
DT,Freshwater,Ross,Bohle River,Bohle Far-Field,2024,Dec,11,12,%.Sat,110,120,305,0.24,46,45,52,NA,48,NA,NA,NA,NA,NA,48,48,48,NA,NA,11.4,NA,NA,NA,NA,11.4,11.4,E,C,E,E,E,E,E,C,C,C,E,E,E,E,E,E,E,E,E
DT,Freshwater,Ross,Bohle River,Bohle Far-Field,2024,Dec,11,12,%.Sat,85,70,305,0.24,46,45,52,NA,NA,48,NA,NA,NA,NA,48,48,48,NA,NA,NA,11.4,NA,NA,NA,11.4,11.4,E,E,C,E,E,E,E,C,C,C,E,E,E,E,E,E,E,E,E
DT,Freshwater,Black,Black River,Black River,2024,Jan,11,11,%.Sat,105,120,299,0.29,98,96,135,NA,98,NA,NA,NA,NA,NA,98,98,98,NA,NA,28.3,NA,NA,NA,NA,28.3,28.3,E,A,E,E,E,E,E,A,A,A,E,E,D,E,E,E,E,D,D
DT,Freshwater,Black,Black River,Black River,2024,Jan,11,11,%.Sat,90,70,299,0.29,98,96,135,NA,NA,98,NA,NA,NA,NA,98,98,98,NA,NA,NA,28.3,NA,NA,NA,28.3,28.3,E,E,A,E,E,E,E,A,A,A,E,E,E,D,E,E,E,D,D
DT,Freshwater,Black,Black River,Black River,2024,Feb,11,11,%.Sat,105,120,299,0.29,91,96,135,NA,98,NA,NA,NA,NA,NA,98,98,98,NA,NA,28.3,NA,NA,NA,NA,28.3,28.3,E,A,E,E,E,E,E,A,A,A,E,E,D,E,E,E,E,D,D
DT,Freshwater,Black,Black River,Black River,2024,Feb,11,11,%.Sat,90,70,299,0.29,91,96,135,NA,NA,98,NA,NA,NA,NA,98,98,98,NA,NA,NA,28.3,NA,NA,NA,28.3,28.3,E,E,A,E,E,E,E,A,A,A,E,E,E,D,E,E,E,D,D
DT,Freshwater,Black,Black River,Black River,2024,Mar,11,11,%.Sat,105,120,299,0.29,94,96,135,NA,98,NA,NA,NA,NA,NA,98,98,98,NA,NA,28.3,NA,NA,NA,NA,28.3,28.3,E,A,E,E,E,E,E,A,A,A,E,E,D,E,E,E,E,D,D
DT,Freshwater,Black,Black River,Black River,2024,Mar,11,11,%.Sat,90,70,299,0.29,94,96,135,NA,NA,98,NA,NA,NA,NA,98,98,98,NA,NA,NA,28.3,NA,NA,NA,28.3,28.3,E,E,A,E,E,E,E,A,A,A,E,E,E,D,E,E,E,D,D
DT,Freshwater,Black,Black River,Black River,2024,Apr,11,11,%.Sat,105,120,299,0.29,98,96,135,NA,98,NA,NA,NA,NA,NA,98,98,98,NA,NA,28.3,NA,NA,NA,NA,28.3,28.3,E,A,E,E,E,E,E,A,A,A,E,E,D,E,E,E,E,D,D
DT,Freshwater,Black,Black River,Black River,2024,Apr,11,11,%.Sat,90,70,299,0.29,98,96,135,NA,NA,98,NA,NA,NA,NA,98,98,98,NA,NA,NA,28.3,NA,NA,NA,28.3,28.3,E,E,A,E,E,E,E,A,A,A,E,E,E,D,E,E,E,D,D
DT,Freshwater,Black,Black River,Black River,2024,May,11,11,%.Sat,105,120,299,0.29,98,96,135,NA,98,NA,NA,NA,NA,NA,98,98,98,NA,NA,28.3,NA,NA,NA,NA,28.3,28.3,E,A,E,E,E,E,E,A,A,A,E,E,D,E,E,E,E,D,D
DT,Freshwater,Black,Black River,Black River,2024,May,11,11,%.Sat,90,70,299,0.29,98,96,135,NA,NA,98,NA,NA,NA,NA,98,98,98,NA,NA,NA,28.3,NA,NA,NA,28.3,28.3,E,E,A,E,E,E,E,A,A,A,E,E,E,D,E,E,E,D,D
DT,Freshwater,Black,Black River,Black River,2024,Jun,11,11,%.Sat,105,120,299,0.29,104,96,135,NA,98,NA,NA,NA,NA,NA,98,98,98,NA,NA,28.3,NA,NA,NA,NA,28.3,28.3,E,A,E,E,E,E,E,A,A,A,E,E,D,E,E,E,E,D,D
DT,Freshwater,Black,Black River,Black River,2024,Jun,11,11,%.Sat,90,70,299,0.29,104,96,135,NA,NA,98,NA,NA,NA,NA,98,98,98,NA,NA,NA,28.3,NA,NA,NA,28.3,28.3,E,E,A,E,E,E,E,A,A,A,E,E,E,D,E,E,E,D,D
DT,Freshwater,Black,Black River,Black River,2024,Jul,11,11,%.Sat,105,120,299,0.29,115,96,135,NA,98,NA,NA,NA,NA,NA,98,98,98,NA,NA,28.3,NA,NA,NA,NA,28.3,28.3,E,A,E,E,E,E,E,A,A,A,E,E,D,E,E,E,E,D,D
DT,Freshwater,Black,Black River,Black River,2024,Jul,11,11,%.Sat,90,70,299,0.29,115,96,135,NA,NA,98,NA,NA,NA,NA,98,98,98,NA,NA,NA,28.3,NA,NA,NA,28.3,28.3,E,E,A,E,E,E,E,A,A,A,E,E,E,D,E,E,E,D,D
DT,Freshwater,Black,Black River,Black River,2024,Aug,11,11,%.Sat,105,120,299,0.29,135,96,135,NA,98,NA,NA,NA,NA,NA,98,98,98,NA,NA,28.3,NA,NA,NA,NA,28.3,28.3,E,A,E,E,E,E,E,A,A,A,E,E,D,E,E,E,E,D,D
DT,Freshwater,Black,Black River,Black River,2024,Aug,11,11,%.Sat,90,70,299,0.29,135,96,135,NA,NA,98,NA,NA,NA,NA,98,98,98,NA,NA,NA,28.3,NA,NA,NA,28.3,28.3,E,E,A,E,E,E,E,A,A,A,E,E,E,D,E,E,E,D,D
DT,Freshwater,Black,Black River,Black River,2024,Sep,11,11,%.Sat,105,120,299,0.29,160,96,135,NA,98,NA,NA,NA,NA,NA,98,98,98,NA,NA,28.3,NA,NA,NA,NA,28.3,28.3,E,A,E,E,E,E,E,A,A,A,E,E,D,E,E,E,E,D,D
DT,Freshwater,Black,Black River,Black River,2024,Sep,11,11,%.Sat,90,70,299,0.29,160,96,135,NA,NA,98,NA,NA,NA,NA,98,98,98,NA,NA,NA,28.3,NA,NA,NA,28.3,28.3,E,E,A,E,E,E,E,A,A,A,E,E,E,D,E,E,E,D,D
DT,Freshwater,Black,Black River,Black River,2024,Oct,11,11,%.Sat,105,120,299,0.29,140,96,135,NA,98,NA,NA,NA,NA,NA,98,98,98,NA,NA,28.3,NA,NA,NA,NA,28.3,28.3,E,A,E,E,E,E,E,A,A,A,E,E,D,E,E,E,E,D,D
DT,Freshwater,Black,Black River,Black River,2024,Oct,11,11,%.Sat,90,70,299,0.29,140,96,135,NA,NA,98,NA,NA,NA,NA,98,98,98,NA,NA,NA,28.3,NA,NA,NA,28.3,28.3,E,E,A,E,E,E,E,A,A,A,E,E,E,D,E,E,E,D,D
DT,Freshwater,Black,Black River,Black River,2024,Dec,11,11,%.Sat,105,120,299,0.29,96,96,135,NA,98,NA,NA,NA,NA,NA,98,98,98,NA,NA,28.3,NA,NA,NA,NA,28.3,28.3,E,A,E,E,E,E,E,A,A,A,E,E,D,E,E,E,E,D,D
DT,Freshwater,Black,Black River,Black River,2024,Dec,11,11,%.Sat,90,70,299,0.29,96,96,135,NA,NA,98,NA,NA,NA,NA,98,98,98,NA,NA,NA,28.3,NA,NA,NA,28.3,28.3,E,E,A,E,E,E,E,A,A,A,E,E,E,D,E,E,E,D,D
DT,Freshwater,Black,Bluewater Creek,Althaus Creek,2024,Jan,5,5,%.Sat,105,120,287,0.27,94,95,109,NA,97,NA,NA,NA,NA,NA,97,97,97,NA,NA,26.7,NA,NA,NA,NA,26.7,26.7,E,A,E,E,E,E,E,A,A,A,E,E,D,E,E,E,E,D,D
DT,Freshwater,Black,Bluewater Creek,Althaus Creek,2024,Jan,5,5,%.Sat,90,70,287,0.27,94,95,109,NA,NA,97,NA,NA,NA,NA,97,97,97,NA,NA,NA,26.7,NA,NA,NA,26.7,26.7,E,E,A,E,E,E,E,A,A,A,E,E,E,D,E,E,E,D,D
DT,Freshwater,Black,Bluewater Creek,Althaus Creek,2024,Apr,5,5,%.Sat,105,120,287,0.27,113,95,109,NA,97,NA,NA,NA,NA,NA,97,97,97,NA,NA,26.7,NA,NA,NA,NA,26.7,26.7,E,A,E,E,E,E,E,A,A,A,E,E,D,E,E,E,E,D,D
DT,Freshwater,Black,Bluewater Creek,Althaus Creek,2024,Apr,5,5,%.Sat,90,70,287,0.27,113,95,109,NA,NA,97,NA,NA,NA,NA,97,97,97,NA,NA,NA,26.7,NA,NA,NA,26.7,26.7,E,E,A,E,E,E,E,A,A,A,E,E,E,D,E,E,E,D,D
DT,Freshwater,Black,Bluewater Creek,Althaus Creek,2024,May,5,5,%.Sat,105,120,287,0.27,109,95,109,NA,97,NA,NA,NA,NA,NA,97,97,97,NA,NA,26.7,NA,NA,NA,NA,26.7,26.7,E,A,E,E,E,E,E,A,A,A,E,E,D,E,E,E,E,D,D
DT,Freshwater,Black,Bluewater Creek,Althaus Creek,2024,May,5,5,%.Sat,90,70,287,0.27,109,95,109,NA,NA,97,NA,NA,NA,NA,97,97,97,NA,NA,NA,26.7,NA,NA,NA,26.7,26.7,E,E,A,E,E,E,E,A,A,A,E,E,E,D,E,E,E,D,D
DT,Freshwater,Black,Bluewater Creek,Althaus Creek,2024,Jun,5,5,%.Sat,105,120,287,0.27,95,95,109,NA,97,NA,NA,NA,NA,NA,97,97,97,NA,NA,26.7,NA,NA,NA,NA,26.7,26.7,E,A,E,E,E,E,E,A,A,A,E,E,D,E,E,E,E,D,D
DT,Freshwater,Black,Bluewater Creek,Althaus Creek,2024,Jun,5,5,%.Sat,90,70,287,0.27,95,95,109,NA,NA,97,NA,NA,NA,NA,97,97,97,NA,NA,NA,26.7,NA,NA,NA,26.7,26.7,E,E,A,E,E,E,E,A,A,A,E,E,E,D,E,E,E,D,D
DT,Freshwater,Black,Bluewater Creek,Althaus Creek,2024,Jul,5,5,%.Sat,105,120,287,0.27,97,95,109,NA,97,NA,NA,NA,NA,NA,97,97,97,NA,NA,26.7,NA,NA,NA,NA,26.7,26.7,E,A,E,E,E,E,E,A,A,A,E,E,D,E,E,E,E,D,D
DT,Freshwater,Black,Bluewater Creek,Althaus Creek,2024,Jul,5,5,%.Sat,90,70,287,0.27,97,95,109,NA,NA,97,NA,NA,NA,NA,97,97,97,NA,NA,NA,26.7,NA,NA,NA,26.7,26.7,E,E,A,E,E,E,E,A,A,A,E,E,E,D,E,E,E,D,D
DT,Freshwater,Black,Bluewater Creek,Bluewater Creek,2024,Jan,11,11,%.Sat,105,120,287,0.27,93,91,100,NA,93,NA,NA,NA,NA,NA,93,93,93,NA,NA,25.7,NA,NA,NA,NA,25.7,25.7,E,A,E,E,E,E,E,A,A,A,E,E,D,E,E,E,E,D,D
DT,Freshwater,Black,Bluewater Creek,Bluewater Creek,2024,Jan,11,11,%.Sat,90,70,287,0.27,93,91,100,NA,NA,93,NA,NA,NA,NA,93,93,93,NA,NA,NA,25.7,NA,NA,NA,25.7,25.7,E,E,A,E,E,E,E,A,A,A,E,E,E,D,E,E,E,D,D
DT,Freshwater,Black,Bluewater Creek,Bluewater Creek,2024,Feb,11,11,%.Sat,105,120,287,0.27,96,91,100,NA,93,NA,NA,NA,NA,NA,93,93,93,NA,NA,25.7,NA,NA,NA,NA,25.7,25.7,E,A,E,E,E,E,E,A,A,A,E,E,D,E,E,E,E,D,D
DT,Freshwater,Black,Bluewater Creek,Bluewater Creek,2024,Feb,11,11,%.Sat,90,70,287,0.27,96,91,100,NA,NA,93,NA,NA,NA,NA,93,93,93,NA,NA,NA,25.7,NA,NA,NA,25.7,25.7,E,E,A,E,E,E,E,A,A,A,E,E,E,D,E,E,E,D,D
DT,Freshwater,Black,Bluewater Creek,Bluewater Creek,2024,Mar,11,11,%.Sat,105,120,287,0.27,96,91,100,NA,93,NA,NA,NA,NA,NA,93,93,93,NA,NA,25.7,NA,NA,NA,NA,25.7,25.7,E,A,E,E,E,E,E,A,A,A,E,E,D,E,E,E,E,D,D
DT,Freshwater,Black,Bluewater Creek,Bluewater Creek,2024,Mar,11,11,%.Sat,90,70,287,0.27,96,91,100,NA,NA,93,NA,NA,NA,NA,93,93,93,NA,NA,NA,25.7,NA,NA,NA,25.7,25.7,E,E,A,E,E,E,E,A,A,A,E,E,E,D,E,E,E,D,D
DT,Freshwater,Black,Bluewater Creek,Bluewater Creek,2024,Apr,11,11,%.Sat,105,120,287,0.27,100,91,100,NA,93,NA,NA,NA,NA,NA,93,93,93,NA,NA,25.7,NA,NA,NA,NA,25.7,25.7,E,A,E,E,E,E,E,A,A,A,E,E,D,E,E,E,E,D,D
DT,Freshwater,Black,Bluewater Creek,Bluewater Creek,2024,Apr,11,11,%.Sat,90,70,287,0.27,100,91,100,NA,NA,93,NA,NA,NA,NA,93,93,93,NA,NA,NA,25.7,NA,NA,NA,25.7,25.7,E,E,A,E,E,E,E,A,A,A,E,E,E,D,E,E,E,D,D
DT,Freshwater,Black,Bluewater Creek,Bluewater Creek,2024,May,11,11,%.Sat,105,120,287,0.27,91,91,100,NA,93,NA,NA,NA,NA,NA,93,93,93,NA,NA,25.7,NA,NA,NA,NA,25.7,25.7,E,A,E,E,E,E,E,A,A,A,E,E,D,E,E,E,E,D,D
DT,Freshwater,Black,Bluewater Creek,Bluewater Creek,2024,May,11,11,%.Sat,90,70,287,0.27,91,91,100,NA,NA,93,NA,NA,NA,NA,93,93,93,NA,NA,NA,25.7,NA,NA,NA,25.7,25.7,E,E,A,E,E,E,E,A,A,A,E,E,E,D,E,E,E,D,D
DT,Freshwater,Black,Bluewater Creek,Bluewater Creek,2024,Jun,11,11,%.Sat,105,120,287,0.27,93,91,100,NA,93,NA,NA,NA,NA,NA,93,93,93,NA,NA,25.7,NA,NA,NA,NA,25.7,25.7,E,A,E,E,E,E,E,A,A,A,E,E,D,E,E,E,E,D,D
DT,Freshwater,Black,Bluewater Creek,Bluewater Creek,2024,Jun,11,11,%.Sat,90,70,287,0.27,93,91,100,NA,NA,93,NA,NA,NA,NA,93,93,93,NA,NA,NA,25.7,NA,NA,NA,25.7,25.7,E,E,A,E,E,E,E,A,A,A,E,E,E,D,E,E,E,D,D
DT,Freshwater,Black,Bluewater Creek,Bluewater Creek,2024,Jul,11,11,%.Sat,105,120,287,0.27,93,91,100,NA,93,NA,NA,NA,NA,NA,93,93,93,NA,NA,25.7,NA,NA,NA,NA,25.7,25.7,E,A,E,E,E,E,E,A,A,A,E,E,D,E,E,E,E,D,D
DT,Freshwater,Black,Bluewater Creek,Bluewater Creek,2024,Jul,11,11,%.Sat,90,70,287,0.27,93,91,100,NA,NA,93,NA,NA,NA,NA,93,93,93,NA,NA,NA,25.7,NA,NA,NA,25.7,25.7,E,E,A,E,E,E,E,A,A,A,E,E,E,D,E,E,E,D,D
DT,Freshwater,Black,Bluewater Creek,Bluewater Creek,2024,Aug,11,11,%.Sat,105,120,287,0.27,101,91,100,NA,93,NA,NA,NA,NA,NA,93,93,93,NA,NA,25.7,NA,NA,NA,NA,25.7,25.7,E,A,E,E,E,E,E,A,A,A,E,E,D,E,E,E,E,D,D
DT,Freshwater,Black,Bluewater Creek,Bluewater Creek,2024,Aug,11,11,%.Sat,90,70,287,0.27,101,91,100,NA,NA,93,NA,NA,NA,NA,93,93,93,NA,NA,NA,25.7,NA,NA,NA,25.7,25.7,E,E,A,E,E,E,E,A,A,A,E,E,E,D,E,E,E,D,D
DT,Freshwater,Black,Bluewater Creek,Bluewater Creek,2024,Sep,11,11,%.Sat,105,120,287,0.27,108,91,100,NA,93,NA,NA,NA,NA,NA,93,93,93,NA,NA,25.7,NA,NA,NA,NA,25.7,25.7,E,A,E,E,E,E,E,A,A,A,E,E,D,E,E,E,E,D,D
DT,Freshwater,Black,Bluewater Creek,Bluewater Creek,2024,Sep,11,11,%.Sat,90,70,287,0.27,108,91,100,NA,NA,93,NA,NA,NA,NA,93,93,93,NA,NA,NA,25.7,NA,NA,NA,25.7,25.7,E,E,A,E,E,E,E,A,A,A,E,E,E,D,E,E,E,D,D
DT,Freshwater,Black,Bluewater Creek,Bluewater Creek,2024,Oct,11,11,%.Sat,105,120,287,0.27,54,91,100,NA,93,NA,NA,NA,NA,NA,93,93,93,NA,NA,25.7,NA,NA,NA,NA,25.7,25.7,E,A,E,E,E,E,E,A,A,A,E,E,D,E,E,E,E,D,D
DT,Freshwater,Black,Bluewater Creek,Bluewater Creek,2024,Oct,11,11,%.Sat,90,70,287,0.27,54,91,100,NA,NA,93,NA,NA,NA,NA,93,93,93,NA,NA,NA,25.7,NA,NA,NA,25.7,25.7,E,E,A,E,E,E,E,A,A,A,E,E,E,D,E,E,E,D,D
DT,Freshwater,Black,Bluewater Creek,Bluewater Creek,2024,Dec,11,11,%.Sat,105,120,287,0.27,74,91,100,NA,93,NA,NA,NA,NA,NA,93,93,93,NA,NA,25.7,NA,NA,NA,NA,25.7,25.7,E,A,E,E,E,E,E,A,A,A,E,E,D,E,E,E,E,D,D
DT,Freshwater,Black,Bluewater Creek,Bluewater Creek,2024,Dec,11,11,%.Sat,90,70,287,0.27,74,91,100,NA,NA,93,NA,NA,NA,NA,93,93,93,NA,NA,NA,25.7,NA,NA,NA,25.7,25.7,E,E,A,E,E,E,E,A,A,A,E,E,E,D,E,E,E,D,D
DT,Freshwater,Black,Bluewater Creek,Sleeper Log Creek,2024,Jan,11,11,%.Sat,105,120,287,0.27,96,90,96,NA,92,NA,NA,NA,NA,NA,92,92,92,NA,NA,25.4,NA,NA,NA,NA,25.4,25.4,E,A,E,E,E,E,E,A,A,A,E,E,D,E,E,E,E,D,D
DT,Freshwater,Black,Bluewater Creek,Sleeper Log Creek,2024,Jan,11,11,%.Sat,90,70,287,0.27,96,90,96,NA,NA,92,NA,NA,NA,NA,92,92,92,NA,NA,NA,25.4,NA,NA,NA,25.4,25.4,E,E,A,E,E,E,E,A,A,A,E,E,E,D,E,E,E,D,D
DT,Freshwater,Black,Bluewater Creek,Sleeper Log Creek,2024,Feb,11,11,%.Sat,105,120,287,0.27,98,90,96,NA,92,NA,NA,NA,NA,NA,92,92,92,NA,NA,25.4,NA,NA,NA,NA,25.4,25.4,E,A,E,E,E,E,E,A,A,A,E,E,D,E,E,E,E,D,D
DT,Freshwater,Black,Bluewater Creek,Sleeper Log Creek,2024,Feb,11,11,%.Sat,90,70,287,0.27,98,90,96,NA,NA,92,NA,NA,NA,NA,92,92,92,NA,NA,NA,25.4,NA,NA,NA,25.4,25.4,E,E,A,E,E,E,E,A,A,A,E,E,E,D,E,E,E,D,D
DT,Freshwater,Black,Bluewater Creek,Sleeper Log Creek,2024,Mar,11,11,%.Sat,105,120,287,0.27,95,90,96,NA,92,NA,NA,NA,NA,NA,92,92,92,NA,NA,25.4,NA,NA,NA,NA,25.4,25.4,E,A,E,E,E,E,E,A,A,A,E,E,D,E,E,E,E,D,D
DT,Freshwater,Black,Bluewater Creek,Sleeper Log Creek,2024,Mar,11,11,%.Sat,90,70,287,0.27,95,90,96,NA,NA,92,NA,NA,NA,NA,92,92,92,NA,NA,NA,25.4,NA,NA,NA,25.4,25.4,E,E,A,E,E,E,E,A,A,A,E,E,E,D,E,E,E,D,D
DT,Freshwater,Black,Bluewater Creek,Sleeper Log Creek,2024,Apr,11,11,%.Sat,105,120,287,0.27,92,90,96,NA,92,NA,NA,NA,NA,NA,92,92,92,NA,NA,25.4,NA,NA,NA,NA,25.4,25.4,E,A,E,E,E,E,E,A,A,A,E,E,D,E,E,E,E,D,D
DT,Freshwater,Black,Bluewater Creek,Sleeper Log Creek,2024,Apr,11,11,%.Sat,90,70,287,0.27,92,90,96,NA,NA,92,NA,NA,NA,NA,92,92,92,NA,NA,NA,25.4,NA,NA,NA,25.4,25.4,E,E,A,E,E,E,E,A,A,A,E,E,E,D,E,E,E,D,D
DT,Freshwater,Black,Bluewater Creek,Sleeper Log Creek,2024,May,11,11,%.Sat,105,120,287,0.27,90,90,96,NA,92,NA,NA,NA,NA,NA,92,92,92,NA,NA,25.4,NA,NA,NA,NA,25.4,25.4,E,A,E,E,E,E,E,A,A,A,E,E,D,E,E,E,E,D,D
DT,Freshwater,Black,Bluewater Creek,Sleeper Log Creek,2024,May,11,11,%.Sat,90,70,287,0.27,90,90,96,NA,NA,92,NA,NA,NA,NA,92,92,92,NA,NA,NA,25.4,NA,NA,NA,25.4,25.4,E,E,A,E,E,E,E,A,A,A,E,E,E,D,E,E,E,D,D
DT,Freshwater,Black,Bluewater Creek,Sleeper Log Creek,2024,Jun,11,11,%.Sat,105,120,287,0.27,91,90,96,NA,92,NA,NA,NA,NA,NA,92,92,92,NA,NA,25.4,NA,NA,NA,NA,25.4,25.4,E,A,E,E,E,E,E,A,A,A,E,E,D,E,E,E,E,D,D
DT,Freshwater,Black,Bluewater Creek,Sleeper Log Creek,2024,Jun,11,11,%.Sat,90,70,287,0.27,91,90,96,NA,NA,92,NA,NA,NA,NA,92,92,92,NA,NA,NA,25.4,NA,NA,NA,25.4,25.4,E,E,A,E,E,E,E,A,A,A,E,E,E,D,E,E,E,D,D
DT,Freshwater,Black,Bluewater Creek,Sleeper Log Creek,2024,Jul,11,11,%.Sat,105,120,287,0.27,85,90,96,NA,92,NA,NA,NA,NA,NA,92,92,92,NA,NA,25.4,NA,NA,NA,NA,25.4,25.4,E,A,E,E,E,E,E,A,A,A,E,E,D,E,E,E,E,D,D
DT,Freshwater,Black,Bluewater Creek,Sleeper Log Creek,2024,Jul,11,11,%.Sat,90,70,287,0.27,85,90,96,NA,NA,92,NA,NA,NA,NA,92,92,92,NA,NA,NA,25.4,NA,NA,NA,25.4,25.4,E,E,A,E,E,E,E,A,A,A,E,E,E,D,E,E,E,D,D
DT,Freshwater,Black,Bluewater Creek,Sleeper Log Creek,2024,Aug,11,11,%.Sat,105,120,287,0.27,92,90,96,NA,92,NA,NA,NA,NA,NA,92,92,92,NA,NA,25.4,NA,NA,NA,NA,25.4,25.4,E,A,E,E,E,E,E,A,A,A,E,E,D,E,E,E,E,D,D
DT,Freshwater,Black,Bluewater Creek,Sleeper Log Creek,2024,Aug,11,11,%.Sat,90,70,287,0.27,92,90,96,NA,NA,92,NA,NA,NA,NA,92,92,92,NA,NA,NA,25.4,NA,NA,NA,25.4,25.4,E,E,A,E,E,E,E,A,A,A,E,E,E,D,E,E,E,D,D
DT,Freshwater,Black,Bluewater Creek,Sleeper Log Creek,2024,Sep,11,11,%.Sat,105,120,287,0.27,108,90,96,NA,92,NA,NA,NA,NA,NA,92,92,92,NA,NA,25.4,NA,NA,NA,NA,25.4,25.4,E,A,E,E,E,E,E,A,A,A,E,E,D,E,E,E,E,D,D
DT,Freshwater,Black,Bluewater Creek,Sleeper Log Creek,2024,Sep,11,11,%.Sat,90,70,287,0.27,108,90,96,NA,NA,92,NA,NA,NA,NA,92,92,92,NA,NA,NA,25.4,NA,NA,NA,25.4,25.4,E,E,A,E,E,E,E,A,A,A,E,E,E,D,E,E,E,D,D
DT,Freshwater,Black,Bluewater Creek,Sleeper Log Creek,2024,Oct,11,11,%.Sat,105,120,287,0.27,89,90,96,NA,92,NA,NA,NA,NA,NA,92,92,92,NA,NA,25.4,NA,NA,NA,NA,25.4,25.4,E,A,E,E,E,E,E,A,A,A,E,E,D,E,E,E,E,D,D
DT,Freshwater,Black,Bluewater Creek,Sleeper Log Creek,2024,Oct,11,11,%.Sat,90,70,287,0.27,89,90,96,NA,NA,92,NA,NA,NA,NA,92,92,92,NA,NA,NA,25.4,NA,NA,NA,25.4,25.4,E,E,A,E,E,E,E,A,A,A,E,E,E,D,E,E,E,D,D
DT,Freshwater,Black,Bluewater Creek,Sleeper Log Creek,2024,Dec,11,11,%.Sat,105,120,287,0.27,95,90,96,NA,92,NA,NA,NA,NA,NA,92,92,92,NA,NA,25.4,NA,NA,NA,NA,25.4,25.4,E,A,E,E,E,E,E,A,A,A,E,E,D,E,E,E,E,D,D
DT,Freshwater,Black,Bluewater Creek,Sleeper Log Creek,2024,Dec,11,11,%.Sat,90,70,287,0.27,95,90,96,NA,NA,92,NA,NA,NA,NA,92,92,92,NA,NA,NA,25.4,NA,NA,NA,25.4,25.4,E,E,A,E,E,E,E,A,A,A,E,E,E,D,E,E,E,D,D
DT,Freshwater,Black,Rollingstone Creek,Leichhardt Creek,2024,Jan,11,11,%.Sat,105,120,219,0.21,92,65,94,NA,90,NA,NA,NA,NA,NA,90,90,90,NA,NA,18.9,NA,NA,NA,NA,18.9,18.9,E,A,E,E,E,E,E,A,A,A,E,E,E,E,E,E,E,E,E
DT,Freshwater,Black,Rollingstone Creek,Leichhardt Creek,2024,Jan,11,11,%.Sat,90,70,219,0.21,92,65,94,NA,NA,90,NA,NA,NA,NA,90,90,90,NA,NA,NA,18.9,NA,NA,NA,18.9,18.9,E,E,A,E,E,E,E,A,A,A,E,E,E,E,E,E,E,E,E
DT,Freshwater,Black,Rollingstone Creek,Leichhardt Creek,2024,Feb,11,11,%.Sat,105,120,219,0.21,96,65,94,NA,90,NA,NA,NA,NA,NA,90,90,90,NA,NA,18.9,NA,NA,NA,NA,18.9,18.9,E,A,E,E,E,E,E,A,A,A,E,E,E,E,E,E,E,E,E
DT,Freshwater,Black,Rollingstone Creek,Leichhardt Creek,2024,Feb,11,11,%.Sat,90,70,219,0.21,96,65,94,NA,NA,90,NA,NA,NA,NA,90,90,90,NA,NA,NA,18.9,NA,NA,NA,18.9,18.9,E,E,A,E,E,E,E,A,A,A,E,E,E,E,E,E,E,E,E
DT,Freshwater,Black,Rollingstone Creek,Leichhardt Creek,2024,Mar,11,11,%.Sat,105,120,219,0.21,94,65,94,NA,90,NA,NA,NA,NA,NA,90,90,90,NA,NA,18.9,NA,NA,NA,NA,18.9,18.9,E,A,E,E,E,E,E,A,A,A,E,E,E,E,E,E,E,E,E
DT,Freshwater,Black,Rollingstone Creek,Leichhardt Creek,2024,Mar,11,11,%.Sat,90,70,219,0.21,94,65,94,NA,NA,90,NA,NA,NA,NA,90,90,90,NA,NA,NA,18.9,NA,NA,NA,18.9,18.9,E,E,A,E,E,E,E,A,A,A,E,E,E,E,E,E,E,E,E
DT,Freshwater,Black,Rollingstone Creek,Leichhardt Creek,2024,Apr,11,11,%.Sat,105,120,219,0.21,95,65,94,NA,90,NA,NA,NA,NA,NA,90,90,90,NA,NA,18.9,NA,NA,NA,NA,18.9,18.9,E,A,E,E,E,E,E,A,A,A,E,E,E,E,E,E,E,E,E
DT,Freshwater,Black,Rollingstone Creek,Leichhardt Creek,2024,Apr,11,11,%.Sat,90,70,219,0.21,95,65,94,NA,NA,90,NA,NA,NA,NA,90,90,90,NA,NA,NA,18.9,NA,NA,NA,18.9,18.9,E,E,A,E,E,E,E,A,A,A,E,E,E,E,E,E,E,E,E
DT,Freshwater,Black,Rollingstone Creek,Leichhardt Creek,2024,May,11,11,%.Sat,105,120,219,0.21,91,65,94,NA,90,NA,NA,NA,NA,NA,90,90,90,NA,NA,18.9,NA,NA,NA,NA,18.9,18.9,E,A,E,E,E,E,E,A,A,A,E,E,E,E,E,E,E,E,E
DT,Freshwater,Black,Rollingstone Creek,Leichhardt Creek,2024,May,11,11,%.Sat,90,70,219,0.21,91,65,94,NA,NA,90,NA,NA,NA,NA,90,90,90,NA,NA,NA,18.9,NA,NA,NA,18.9,18.9,E,E,A,E,E,E,E,A,A,A,E,E,E,E,E,E,E,E,E
DT,Freshwater,Black,Rollingstone Creek,Leichhardt Creek,2024,Jun,11,11,%.Sat,105,120,219,0.21,90,65,94,NA,90,NA,NA,NA,NA,NA,90,90,90,NA,NA,18.9,NA,NA,NA,NA,18.9,18.9,E,A,E,E,E,E,E,A,A,A,E,E,E,E,E,E,E,E,E
DT,Freshwater,Black,Rollingstone Creek,Leichhardt Creek,2024,Jun,11,11,%.Sat,90,70,219,0.21,90,65,94,NA,NA,90,NA,NA,NA,NA,90,90,90,NA,NA,NA,18.9,NA,NA,NA,18.9,18.9,E,E,A,E,E,E,E,A,A,A,E,E,E,E,E,E,E,E,E
DT,Freshwater,Black,Rollingstone Creek,Leichhardt Creek,2024,Jul,11,11,%.Sat,105,120,219,0.21,87,65,94,NA,90,NA,NA,NA,NA,NA,90,90,90,NA,NA,18.9,NA,NA,NA,NA,18.9,18.9,E,A,E,E,E,E,E,A,A,A,E,E,E,E,E,E,E,E,E
DT,Freshwater,Black,Rollingstone Creek,Leichhardt Creek,2024,Jul,11,11,%.Sat,90,70,219,0.21,87,65,94,NA,NA,90,NA,NA,NA,NA,90,90,90,NA,NA,NA,18.9,NA,NA,NA,18.9,18.9,E,E,A,E,E,E,E,A,A,A,E,E,E,E,E,E,E,E,E
DT,Freshwater,Black,Rollingstone Creek,Leichhardt Creek,2024,Aug,11,11,%.Sat,105,120,219,0.21,80,65,94,NA,90,NA,NA,NA,NA,NA,90,90,90,NA,NA,18.9,NA,NA,NA,NA,18.9,18.9,E,A,E,E,E,E,E,A,A,A,E,E,E,E,E,E,E,E,E
DT,Freshwater,Black,Rollingstone Creek,Leichhardt Creek,2024,Aug,11,11,%.Sat,90,70,219,0.21,80,65,94,NA,NA,90,NA,NA,NA,NA,90,90,90,NA,NA,NA,18.9,NA,NA,NA,18.9,18.9,E,E,A,E,E,E,E,A,A,A,E,E,E,E,E,E,E,E,E
DT,Freshwater,Black,Rollingstone Creek,Leichhardt Creek,2024,Sep,11,11,%.Sat,105,120,219,0.21,60,65,94,NA,90,NA,NA,NA,NA,NA,90,90,90,NA,NA,18.9,NA,NA,NA,NA,18.9,18.9,E,A,E,E,E,E,E,A,A,A,E,E,E,E,E,E,E,E,E
DT,Freshwater,Black,Rollingstone Creek,Leichhardt Creek,2024,Sep,11,11,%.Sat,90,70,219,0.21,60,65,94,NA,NA,90,NA,NA,NA,NA,90,90,90,NA,NA,NA,18.9,NA,NA,NA,18.9,18.9,E,E,A,E,E,E,E,A,A,A,E,E,E,E,E,E,E,E,E
DT,Freshwater,Black,Rollingstone Creek,Leichhardt Creek,2024,Oct,11,11,%.Sat,105,120,219,0.21,45,65,94,NA,90,NA,NA,NA,NA,NA,90,90,90,NA,NA,18.9,NA,NA,NA,NA,18.9,18.9,E,A,E,E,E,E,E,A,A,A,E,E,E,E,E,E,E,E,E
DT,Freshwater,Black,Rollingstone Creek,Leichhardt Creek,2024,Oct,11,11,%.Sat,90,70,219,0.21,45,65,94,NA,NA,90,NA,NA,NA,NA,90,90,90,NA,NA,NA,18.9,NA,NA,NA,18.9,18.9,E,E,A,E,E,E,E,A,A,A,E,E,E,E,E,E,E,E,E
DT,Freshwater,Black,Rollingstone Creek,Leichhardt Creek,2024,Dec,11,11,%.Sat,105,120,219,0.21,65,65,94,NA,90,NA,NA,NA,NA,NA,90,90,90,NA,NA,18.9,NA,NA,NA,NA,18.9,18.9,E,A,E,E,E,E,E,A,A,A,E,E,E,E,E,E,E,E,E
DT,Freshwater,Black,Rollingstone Creek,Leichhardt Creek,2024,Dec,11,11,%.Sat,90,70,219,0.21,65,65,94,NA,NA,90,NA,NA,NA,NA,90,90,90,NA,NA,NA,18.9,NA,NA,NA,18.9,18.9,E,E,A,E,E,E,E,A,A,A,E,E,E,E,E,E,E,E,E
DT,Freshwater,Black,Rollingstone Creek,Saltwater Creek,2024,Jan,10,10,%.Sat,105,120,219,0.21,96,95,99,NA,97,NA,NA,NA,NA,NA,97,97,97,NA,NA,20.4,NA,NA,NA,NA,20.4,20.4,E,A,E,E,E,E,E,A,A,A,E,E,E,E,E,E,E,E,E
DT,Freshwater,Black,Rollingstone Creek,Saltwater Creek,2024,Jan,10,10,%.Sat,90,70,219,0.21,96,95,99,NA,NA,97,NA,NA,NA,NA,97,97,97,NA,NA,NA,20.4,NA,NA,NA,20.4,20.4,E,E,A,E,E,E,E,A,A,A,E,E,E,E,E,E,E,E,E
DT,Freshwater,Black,Rollingstone Creek,Saltwater Creek,2024,Feb,10,10,%.Sat,105,120,219,0.21,98,95,99,NA,97,NA,NA,NA,NA,NA,97,97,97,NA,NA,20.4,NA,NA,NA,NA,20.4,20.4,E,A,E,E,E,E,E,A,A,A,E,E,E,E,E,E,E,E,E
DT,Freshwater,Black,Rollingstone Creek,Saltwater Creek,2024,Feb,10,10,%.Sat,90,70,219,0.21,98,95,99,NA,NA,97,NA,NA,NA,NA,97,97,97,NA,NA,NA,20.4,NA,NA,NA,20.4,20.4,E,E,A,E,E,E,E,A,A,A,E,E,E,E,E,E,E,E,E
DT,Freshwater,Black,Rollingstone Creek,Saltwater Creek,2024,Mar,10,10,%.Sat,105,120,219,0.21,96,95,99,NA,97,NA,NA,NA,NA,NA,97,97,97,NA,NA,20.4,NA,NA,NA,NA,20.4,20.4,E,A,E,E,E,E,E,A,A,A,E,E,E,E,E,E,E,E,E
DT,Freshwater,Black,Rollingstone Creek,Saltwater Creek,2024,Mar,10,10,%.Sat,90,70,219,0.21,96,95,99,NA,NA,97,NA,NA,NA,NA,97,97,97,NA,NA,NA,20.4,NA,NA,NA,20.4,20.4,E,E,A,E,E,E,E,A,A,A,E,E,E,E,E,E,E,E,E
DT,Freshwater,Black,Rollingstone Creek,Saltwater Creek,2024,Apr,10,10,%.Sat,105,120,219,0.21,97,95,99,NA,97,NA,NA,NA,NA,NA,97,97,97,NA,NA,20.4,NA,NA,NA,NA,20.4,20.4,E,A,E,E,E,E,E,A,A,A,E,E,E,E,E,E,E,E,E
DT,Freshwater,Black,Rollingstone Creek,Saltwater Creek,2024,Apr,10,10,%.Sat,90,70,219,0.21,97,95,99,NA,NA,97,NA,NA,NA,NA,97,97,97,NA,NA,NA,20.4,NA,NA,NA,20.4,20.4,E,E,A,E,E,E,E,A,A,A,E,E,E,E,E,E,E,E,E
DT,Freshwater,Black,Rollingstone Creek,Saltwater Creek,2024,May,10,10,%.Sat,105,120,219,0.21,93,95,99,NA,97,NA,NA,NA,NA,NA,97,97,97,NA,NA,20.4,NA,NA,NA,NA,20.4,20.4,E,A,E,E,E,E,E,A,A,A,E,E,E,E,E,E,E,E,E
DT,Freshwater,Black,Rollingstone Creek,Saltwater Creek,2024,May,10,10,%.Sat,90,70,219,0.21,93,95,99,NA,NA,97,NA,NA,NA,NA,97,97,97,NA,NA,NA,20.4,NA,NA,NA,20.4,20.4,E,E,A,E,E,E,E,A,A,A,E,E,E,E,E,E,E,E,E
DT,Freshwater,Black,Rollingstone Creek,Saltwater Creek,2024,Jun,10,10,%.Sat,105,120,219,0.21,97,95,99,NA,97,NA,NA,NA,NA,NA,97,97,97,NA,NA,20.4,NA,NA,NA,NA,20.4,20.4,E,A,E,E,E,E,E,A,A,A,E,E,E,E,E,E,E,E,E
DT,Freshwater,Black,Rollingstone Creek,Saltwater Creek,2024,Jun,10,10,%.Sat,90,70,219,0.21,97,95,99,NA,NA,97,NA,NA,NA,NA,97,97,97,NA,NA,NA,20.4,NA,NA,NA,20.4,20.4,E,E,A,E,E,E,E,A,A,A,E,E,E,E,E,E,E,E,E
DT,Freshwater,Black,Rollingstone Creek,Saltwater Creek,2024,Jul,10,10,%.Sat,105,120,219,0.21,97,95,99,NA,97,NA,NA,NA,NA,NA,97,97,97,NA,NA,20.4,NA,NA,NA,NA,20.4,20.4,E,A,E,E,E,E,E,A,A,A,E,E,E,E,E,E,E,E,E
DT,Freshwater,Black,Rollingstone Creek,Saltwater Creek,2024,Jul,10,10,%.Sat,90,70,219,0.21,97,95,99,NA,NA,97,NA,NA,NA,NA,97,97,97,NA,NA,NA,20.4,NA,NA,NA,20.4,20.4,E,E,A,E,E,E,E,A,A,A,E,E,E,E,E,E,E,E,E
DT,Freshwater,Black,Rollingstone Creek,Saltwater Creek,2024,Aug,10,10,%.Sat,105,120,219,0.21,102,95,99,NA,97,NA,NA,NA,NA,NA,97,97,97,NA,NA,20.4,NA,NA,NA,NA,20.4,20.4,E,A,E,E,E,E,E,A,A,A,E,E,E,E,E,E,E,E,E
DT,Freshwater,Black,Rollingstone Creek,Saltwater Creek,2024,Aug,10,10,%.Sat,90,70,219,0.21,102,95,99,NA,NA,97,NA,NA,NA,NA,97,97,97,NA,NA,NA,20.4,NA,NA,NA,20.4,20.4,E,E,A,E,E,E,E,A,A,A,E,E,E,E,E,E,E,E,E
DT,Freshwater,Black,Rollingstone Creek,Saltwater Creek,2024,Sep,10,10,%.Sat,105,120,219,0.21,126,95,99,NA,97,NA,NA,NA,NA,NA,97,97,97,NA,NA,20.4,NA,NA,NA,NA,20.4,20.4,E,A,E,E,E,E,E,A,A,A,E,E,E,E,E,E,E,E,E
DT,Freshwater,Black,Rollingstone Creek,Saltwater Creek,2024,Sep,10,10,%.Sat,90,70,219,0.21,126,95,99,NA,NA,97,NA,NA,NA,NA,97,97,97,NA,NA,NA,20.4,NA,NA,NA,20.4,20.4,E,E,A,E,E,E,E,A,A,A,E,E,E,E,E,E,E,E,E
DT,Freshwater,Black,Rollingstone Creek,Saltwater Creek,2024,Oct,10,10,%.Sat,105,120,219,0.21,84,95,99,NA,97,NA,NA,NA,NA,NA,97,97,97,NA,NA,20.4,NA,NA,NA,NA,20.4,20.4,E,A,E,E,E,E,E,A,A,A,E,E,E,E,E,E,E,E,E
DT,Freshwater,Black,Rollingstone Creek,Saltwater Creek,2024,Oct,10,10,%.Sat,90,70,219,0.21,84,95,99,NA,NA,97,NA,NA,NA,NA,97,97,97,NA,NA,NA,20.4,NA,NA,NA,20.4,20.4,E,E,A,E,E,E,E,A,A,A,E,E,E,E,E,E,E,E,E
DT,Freshwater,Black,Rollingstone Creek,Rollingstone Creek,2024,Jan,11,11,%.Sat,105,120,219,0.21,88,64,90,NA,86,NA,NA,NA,NA,NA,86,86,86,NA,NA,18,NA,NA,NA,NA,18,18,E,A,E,E,E,E,E,A,A,A,E,E,E,E,E,E,E,E,E
DT,Freshwater,Black,Rollingstone Creek,Rollingstone Creek,2024,Jan,11,11,%.Sat,90,70,219,0.21,88,64,90,NA,NA,86,NA,NA,NA,NA,86,86,86,NA,NA,NA,18,NA,NA,NA,18,18,E,E,A,E,E,E,E,A,A,A,E,E,E,E,E,E,E,E,E
DT,Freshwater,Black,Rollingstone Creek,Rollingstone Creek,2024,Feb,11,11,%.Sat,105,120,219,0.21,98,64,90,NA,86,NA,NA,NA,NA,NA,86,86,86,NA,NA,18,NA,NA,NA,NA,18,18,E,A,E,E,E,E,E,A,A,A,E,E,E,E,E,E,E,E,E
DT,Freshwater,Black,Rollingstone Creek,Rollingstone Creek,2024,Feb,11,11,%.Sat,90,70,219,0.21,98,64,90,NA,NA,86,NA,NA,NA,NA,86,86,86,NA,NA,NA,18,NA,NA,NA,18,18,E,E,A,E,E,E,E,A,A,A,E,E,E,E,E,E,E,E,E
DT,Freshwater,Black,Rollingstone Creek,Rollingstone Creek,2024,Mar,11,11,%.Sat,105,120,219,0.21,90,64,90,NA,86,NA,NA,NA,NA,NA,86,86,86,NA,NA,18,NA,NA,NA,NA,18,18,E,A,E,E,E,E,E,A,A,A,E,E,E,E,E,E,E,E,E
DT,Freshwater,Black,Rollingstone Creek,Rollingstone Creek,2024,Mar,11,11,%.Sat,90,70,219,0.21,90,64,90,NA,NA,86,NA,NA,NA,NA,86,86,86,NA,NA,NA,18,NA,NA,NA,18,18,E,E,A,E,E,E,E,A,A,A,E,E,E,E,E,E,E,E,E
DT,Freshwater,Black,Rollingstone Creek,Rollingstone Creek,2024,Apr,11,11,%.Sat,105,120,219,0.21,98,64,90,NA,86,NA,NA,NA,NA,NA,86,86,86,NA,NA,18,NA,NA,NA,NA,18,18,E,A,E,E,E,E,E,A,A,A,E,E,E,E,E,E,E,E,E
DT,Freshwater,Black,Rollingstone Creek,Rollingstone Creek,2024,Apr,11,11,%.Sat,90,70,219,0.21,98,64,90,NA,NA,86,NA,NA,NA,NA,86,86,86,NA,NA,NA,18,NA,NA,NA,18,18,E,E,A,E,E,E,E,A,A,A,E,E,E,E,E,E,E,E,E
DT,Freshwater,Black,Rollingstone Creek,Rollingstone Creek,2024,May,11,11,%.Sat,105,120,219,0.21,86,64,90,NA,86,NA,NA,NA,NA,NA,86,86,86,NA,NA,18,NA,NA,NA,NA,18,18,E,A,E,E,E,E,E,A,A,A,E,E,E,E,E,E,E,E,E
DT,Freshwater,Black,Rollingstone Creek,Rollingstone Creek,2024,May,11,11,%.Sat,90,70,219,0.21,86,64,90,NA,NA,86,NA,NA,NA,NA,86,86,86,NA,NA,NA,18,NA,NA,NA,18,18,E,E,A,E,E,E,E,A,A,A,E,E,E,E,E,E,E,E,E
DT,Freshwater,Black,Rollingstone Creek,Rollingstone Creek,2024,Jun,11,11,%.Sat,105,120,219,0.21,81,64,90,NA,86,NA,NA,NA,NA,NA,86,86,86,NA,NA,18,NA,NA,NA,NA,18,18,E,A,E,E,E,E,E,A,A,A,E,E,E,E,E,E,E,E,E
DT,Freshwater,Black,Rollingstone Creek,Rollingstone Creek,2024,Jun,11,11,%.Sat,90,70,219,0.21,81,64,90,NA,NA,86,NA,NA,NA,NA,86,86,86,NA,NA,NA,18,NA,NA,NA,18,18,E,E,A,E,E,E,E,A,A,A,E,E,E,E,E,E,E,E,E
DT,Freshwater,Black,Rollingstone Creek,Rollingstone Creek,2024,Jul,11,11,%.Sat,105,120,219,0.21,88,64,90,NA,86,NA,NA,NA,NA,NA,86,86,86,NA,NA,18,NA,NA,NA,NA,18,18,E,A,E,E,E,E,E,A,A,A,E,E,E,E,E,E,E,E,E
DT,Freshwater,Black,Rollingstone Creek,Rollingstone Creek,2024,Jul,11,11,%.Sat,90,70,219,0.21,88,64,90,NA,NA,86,NA,NA,NA,NA,86,86,86,NA,NA,NA,18,NA,NA,NA,18,18,E,E,A,E,E,E,E,A,A,A,E,E,E,E,E,E,E,E,E
DT,Freshwater,Black,Rollingstone Creek,Rollingstone Creek,2024,Aug,11,11,%.Sat,105,120,219,0.21,85,64,90,NA,86,NA,NA,NA,NA,NA,86,86,86,NA,NA,18,NA,NA,NA,NA,18,18,E,A,E,E,E,E,E,A,A,A,E,E,E,E,E,E,E,E,E
DT,Freshwater,Black,Rollingstone Creek,Rollingstone Creek,2024,Aug,11,11,%.Sat,90,70,219,0.21,85,64,90,NA,NA,86,NA,NA,NA,NA,86,86,86,NA,NA,NA,18,NA,NA,NA,18,18,E,E,A,E,E,E,E,A,A,A,E,E,E,E,E,E,E,E,E
DT,Freshwater,Black,Rollingstone Creek,Rollingstone Creek,2024,Sep,11,11,%.Sat,105,120,219,0.21,64,64,90,NA,86,NA,NA,NA,NA,NA,86,86,86,NA,NA,18,NA,NA,NA,NA,18,18,E,A,E,E,E,E,E,A,A,A,E,E,E,E,E,E,E,E,E
DT,Freshwater,Black,Rollingstone Creek,Rollingstone Creek,2024,Sep,11,11,%.Sat,90,70,219,0.21,64,64,90,NA,NA,86,NA,NA,NA,NA,86,86,86,NA,NA,NA,18,NA,NA,NA,18,18,E,E,A,E,E,E,E,A,A,A,E,E,E,E,E,E,E,E,E
DT,Freshwater,Black,Rollingstone Creek,Rollingstone Creek,2024,Oct,11,11,%.Sat,105,120,219,0.21,55,64,90,NA,86,NA,NA,NA,NA,NA,86,86,86,NA,NA,18,NA,NA,NA,NA,18,18,E,A,E,E,E,E,E,A,A,A,E,E,E,E,E,E,E,E,E
DT,Freshwater,Black,Rollingstone Creek,Rollingstone Creek,2024,Oct,11,11,%.Sat,90,70,219,0.21,55,64,90,NA,NA,86,NA,NA,NA,NA,86,86,86,NA,NA,NA,18,NA,NA,NA,18,18,E,E,A,E,E,E,E,A,A,A,E,E,E,E,E,E,E,E,E
DT,Freshwater,Black,Rollingstone Creek,Rollingstone Creek,2024,Dec,11,11,%.Sat,105,120,219,0.21,56,64,90,NA,86,NA,NA,NA,NA,NA,86,86,86,NA,NA,18,NA,NA,NA,NA,18,18,E,A,E,E,E,E,E,A,A,A,E,E,E,E,E,E,E,E,E
DT,Freshwater,Black,Rollingstone Creek,Rollingstone Creek,2024,Dec,11,11,%.Sat,90,70,219,0.21,56,64,90,NA,NA,86,NA,NA,NA,NA,86,86,86,NA,NA,NA,18,NA,NA,NA,18,18,E,E,A,E,E,E,E,A,A,A,E,E,E,E,E,E,E,E,E
DT,Freshwater,Black,Crystal Creek,Ollera Creek,2024,Jan,9,9,%.Sat,105,120,236,0.23,99,64,88,NA,72,NA,NA,NA,NA,NA,72,72,72,NA,NA,16.4,NA,NA,NA,NA,16.4,16.4,E,B,E,E,E,E,E,B,B,B,E,E,E,E,E,E,E,E,E
DT,Freshwater,Black,Crystal Creek,Ollera Creek,2024,Jan,9,9,%.Sat,90,70,236,0.23,99,64,88,NA,NA,72,NA,NA,NA,NA,72,72,72,NA,NA,NA,16.4,NA,NA,NA,16.4,16.4,E,E,B,E,E,E,E,B,B,B,E,E,E,E,E,E,E,E,E
DT,Freshwater,Black,Crystal Creek,Ollera Creek,2024,Feb,9,9,%.Sat,105,120,236,0.23,90,64,88,NA,72,NA,NA,NA,NA,NA,72,72,72,NA,NA,16.4,NA,NA,NA,NA,16.4,16.4,E,B,E,E,E,E,E,B,B,B,E,E,E,E,E,E,E,E,E
DT,Freshwater,Black,Crystal Creek,Ollera Creek,2024,Feb,9,9,%.Sat,90,70,236,0.23,90,64,88,NA,NA,72,NA,NA,NA,NA,72,72,72,NA,NA,NA,16.4,NA,NA,NA,16.4,16.4,E,E,B,E,E,E,E,B,B,B,E,E,E,E,E,E,E,E,E
DT,Freshwater,Black,Crystal Creek,Ollera Creek,2024,Mar,9,9,%.Sat,105,120,236,0.23,87,64,88,NA,72,NA,NA,NA,NA,NA,72,72,72,NA,NA,16.4,NA,NA,NA,NA,16.4,16.4,E,B,E,E,E,E,E,B,B,B,E,E,E,E,E,E,E,E,E
DT,Freshwater,Black,Crystal Creek,Ollera Creek,2024,Mar,9,9,%.Sat,90,70,236,0.23,87,64,88,NA,NA,72,NA,NA,NA,NA,72,72,72,NA,NA,NA,16.4,NA,NA,NA,16.4,16.4,E,E,B,E,E,E,E,B,B,B,E,E,E,E,E,E,E,E,E
DT,Freshwater,Black,Crystal Creek,Ollera Creek,2024,Apr,9,9,%.Sat,105,120,236,0.23,82,64,88,NA,72,NA,NA,NA,NA,NA,72,72,72,NA,NA,16.4,NA,NA,NA,NA,16.4,16.4,E,B,E,E,E,E,E,B,B,B,E,E,E,E,E,E,E,E,E
DT,Freshwater,Black,Crystal Creek,Ollera Creek,2024,Apr,9,9,%.Sat,90,70,236,0.23,82,64,88,NA,NA,72,NA,NA,NA,NA,72,72,72,NA,NA,NA,16.4,NA,NA,NA,16.4,16.4,E,E,B,E,E,E,E,B,B,B,E,E,E,E,E,E,E,E,E
DT,Freshwater,Black,Crystal Creek,Ollera Creek,2024,May,9,9,%.Sat,105,120,236,0.23,66,64,88,NA,72,NA,NA,NA,NA,NA,72,72,72,NA,NA,16.4,NA,NA,NA,NA,16.4,16.4,E,B,E,E,E,E,E,B,B,B,E,E,E,E,E,E,E,E,E
DT,Freshwater,Black,Crystal Creek,Ollera Creek,2024,May,9,9,%.Sat,90,70,236,0.23,66,64,88,NA,NA,72,NA,NA,NA,NA,72,72,72,NA,NA,NA,16.4,NA,NA,NA,16.4,16.4,E,E,B,E,E,E,E,B,B,B,E,E,E,E,E,E,E,E,E
DT,Freshwater,Black,Crystal Creek,Ollera Creek,2024,Jun,9,9,%.Sat,105,120,236,0.23,53,64,88,NA,72,NA,NA,NA,NA,NA,72,72,72,NA,NA,16.4,NA,NA,NA,NA,16.4,16.4,E,B,E,E,E,E,E,B,B,B,E,E,E,E,E,E,E,E,E
DT,Freshwater,Black,Crystal Creek,Ollera Creek,2024,Jun,9,9,%.Sat,90,70,236,0.23,53,64,88,NA,NA,72,NA,NA,NA,NA,72,72,72,NA,NA,NA,16.4,NA,NA,NA,16.4,16.4,E,E,B,E,E,E,E,B,B,B,E,E,E,E,E,E,E,E,E
DT,Freshwater,Black,Crystal Creek,Ollera Creek,2024,Jul,9,9,%.Sat,105,120,236,0.23,69,64,88,NA,72,NA,NA,NA,NA,NA,72,72,72,NA,NA,16.4,NA,NA,NA,NA,16.4,16.4,E,B,E,E,E,E,E,B,B,B,E,E,E,E,E,E,E,E,E
DT,Freshwater,Black,Crystal Creek,Ollera Creek,2024,Jul,9,9,%.Sat,90,70,236,0.23,69,64,88,NA,NA,72,NA,NA,NA,NA,72,72,72,NA,NA,NA,16.4,NA,NA,NA,16.4,16.4,E,E,B,E,E,E,E,B,B,B,E,E,E,E,E,E,E,E,E
DT,Freshwater,Black,Crystal Creek,Ollera Creek,2024,Aug,9,9,%.Sat,105,120,236,0.23,72,64,88,NA,72,NA,NA,NA,NA,NA,72,72,72,NA,NA,16.4,NA,NA,NA,NA,16.4,16.4,E,B,E,E,E,E,E,B,B,B,E,E,E,E,E,E,E,E,E
DT,Freshwater,Black,Crystal Creek,Ollera Creek,2024,Aug,9,9,%.Sat,90,70,236,0.23,72,64,88,NA,NA,72,NA,NA,NA,NA,72,72,72,NA,NA,NA,16.4,NA,NA,NA,16.4,16.4,E,E,B,E,E,E,E,B,B,B,E,E,E,E,E,E,E,E,E
DT,Freshwater,Black,Crystal Creek,Ollera Creek,2024,Sep,9,9,%.Sat,105,120,236,0.23,61,64,88,NA,72,NA,NA,NA,NA,NA,72,72,72,NA,NA,16.4,NA,NA,NA,NA,16.4,16.4,E,B,E,E,E,E,E,B,B,B,E,E,E,E,E,E,E,E,E
DT,Freshwater,Black,Crystal Creek,Ollera Creek,2024,Sep,9,9,%.Sat,90,70,236,0.23,61,64,88,NA,NA,72,NA,NA,NA,NA,72,72,72,NA,NA,NA,16.4,NA,NA,NA,16.4,16.4,E,E,B,E,E,E,E,B,B,B,E,E,E,E,E,E,E,E,E
DT,Freshwater,Black,Crystal Creek,Crystal Creek,2024,Jan,11,11,%.Sat,105,120,236,0.23,104,93,101,NA,99,NA,NA,NA,NA,NA,99,99,99,NA,NA,22.4,NA,NA,NA,NA,22.4,22.4,E,A,E,E,E,E,E,A,A,A,E,E,D,E,E,E,E,D,D
DT,Freshwater,Black,Crystal Creek,Crystal Creek,2024,Jan,11,11,%.Sat,90,70,236,0.23,104,93,101,NA,NA,99,NA,NA,NA,NA,99,99,99,NA,NA,NA,22.4,NA,NA,NA,22.4,22.4,E,E,A,E,E,E,E,A,A,A,E,E,E,D,E,E,E,D,D
DT,Freshwater,Black,Crystal Creek,Crystal Creek,2024,Feb,11,11,%.Sat,105,120,236,0.23,101,93,101,NA,99,NA,NA,NA,NA,NA,99,99,99,NA,NA,22.4,NA,NA,NA,NA,22.4,22.4,E,A,E,E,E,E,E,A,A,A,E,E,D,E,E,E,E,D,D
DT,Freshwater,Black,Crystal Creek,Crystal Creek,2024,Feb,11,11,%.Sat,90,70,236,0.23,101,93,101,NA,NA,99,NA,NA,NA,NA,99,99,99,NA,NA,NA,22.4,NA,NA,NA,22.4,22.4,E,E,A,E,E,E,E,A,A,A,E,E,E,D,E,E,E,D,D
DT,Freshwater,Black,Crystal Creek,Crystal Creek,2024,Mar,11,11,%.Sat,105,120,236,0.23,99,93,101,NA,99,NA,NA,NA,NA,NA,99,99,99,NA,NA,22.4,NA,NA,NA,NA,22.4,22.4,E,A,E,E,E,E,E,A,A,A,E,E,D,E,E,E,E,D,D
DT,Freshwater,Black,Crystal Creek,Crystal Creek,2024,Mar,11,11,%.Sat,90,70,236,0.23,99,93,101,NA,NA,99,NA,NA,NA,NA,99,99,99,NA,NA,NA,22.4,NA,NA,NA,22.4,22.4,E,E,A,E,E,E,E,A,A,A,E,E,E,D,E,E,E,D,D
DT,Freshwater,Black,Crystal Creek,Crystal Creek,2024,Apr,11,11,%.Sat,105,120,236,0.23,102,93,101,NA,99,NA,NA,NA,NA,NA,99,99,99,NA,NA,22.4,NA,NA,NA,NA,22.4,22.4,E,A,E,E,E,E,E,A,A,A,E,E,D,E,E,E,E,D,D
DT,Freshwater,Black,Crystal Creek,Crystal Creek,2024,Apr,11,11,%.Sat,90,70,236,0.23,102,93,101,NA,NA,99,NA,NA,NA,NA,99,99,99,NA,NA,NA,22.4,NA,NA,NA,22.4,22.4,E,E,A,E,E,E,E,A,A,A,E,E,E,D,E,E,E,D,D
DT,Freshwater,Black,Crystal Creek,Crystal Creek,2024,May,11,11,%.Sat,105,120,236,0.23,93,93,101,NA,99,NA,NA,NA,NA,NA,99,99,99,NA,NA,22.4,NA,NA,NA,NA,22.4,22.4,E,A,E,E,E,E,E,A,A,A,E,E,D,E,E,E,E,D,D
DT,Freshwater,Black,Crystal Creek,Crystal Creek,2024,May,11,11,%.Sat,90,70,236,0.23,93,93,101,NA,NA,99,NA,NA,NA,NA,99,99,99,NA,NA,NA,22.4,NA,NA,NA,22.4,22.4,E,E,A,E,E,E,E,A,A,A,E,E,E,D,E,E,E,D,D
DT,Freshwater,Black,Crystal Creek,Crystal Creek,2024,Jun,11,11,%.Sat,105,120,236,0.23,100,93,101,NA,99,NA,NA,NA,NA,NA,99,99,99,NA,NA,22.4,NA,NA,NA,NA,22.4,22.4,E,A,E,E,E,E,E,A,A,A,E,E,D,E,E,E,E,D,D
DT,Freshwater,Black,Crystal Creek,Crystal Creek,2024,Jun,11,11,%.Sat,90,70,236,0.23,100,93,101,NA,NA,99,NA,NA,NA,NA,99,99,99,NA,NA,NA,22.4,NA,NA,NA,22.4,22.4,E,E,A,E,E,E,E,A,A,A,E,E,E,D,E,E,E,D,D
DT,Freshwater,Black,Crystal Creek,Crystal Creek,2024,Jul,11,11,%.Sat,105,120,236,0.23,99,93,101,NA,99,NA,NA,NA,NA,NA,99,99,99,NA,NA,22.4,NA,NA,NA,NA,22.4,22.4,E,A,E,E,E,E,E,A,A,A,E,E,D,E,E,E,E,D,D
DT,Freshwater,Black,Crystal Creek,Crystal Creek,2024,Jul,11,11,%.Sat,90,70,236,0.23,99,93,101,NA,NA,99,NA,NA,NA,NA,99,99,99,NA,NA,NA,22.4,NA,NA,NA,22.4,22.4,E,E,A,E,E,E,E,A,A,A,E,E,E,D,E,E,E,D,D
DT,Freshwater,Black,Crystal Creek,Crystal Creek,2024,Aug,11,11,%.Sat,105,120,236,0.23,97,93,101,NA,99,NA,NA,NA,NA,NA,99,99,99,NA,NA,22.4,NA,NA,NA,NA,22.4,22.4,E,A,E,E,E,E,E,A,A,A,E,E,D,E,E,E,E,D,D
DT,Freshwater,Black,Crystal Creek,Crystal Creek,2024,Aug,11,11,%.Sat,90,70,236,0.23,97,93,101,NA,NA,99,NA,NA,NA,NA,99,99,99,NA,NA,NA,22.4,NA,NA,NA,22.4,22.4,E,E,A,E,E,E,E,A,A,A,E,E,E,D,E,E,E,D,D
DT,Freshwater,Black,Crystal Creek,Crystal Creek,2024,Sep,11,11,%.Sat,105,120,236,0.23,91,93,101,NA,99,NA,NA,NA,NA,NA,99,99,99,NA,NA,22.4,NA,NA,NA,NA,22.4,22.4,E,A,E,E,E,E,E,A,A,A,E,E,D,E,E,E,E,D,D
DT,Freshwater,Black,Crystal Creek,Crystal Creek,2024,Sep,11,11,%.Sat,90,70,236,0.23,91,93,101,NA,NA,99,NA,NA,NA,NA,99,99,99,NA,NA,NA,22.4,NA,NA,NA,22.4,22.4,E,E,A,E,E,E,E,A,A,A,E,E,E,D,E,E,E,D,D
DT,Freshwater,Black,Crystal Creek,Crystal Creek,2024,Oct,11,11,%.Sat,105,120,236,0.23,87,93,101,NA,99,NA,NA,NA,NA,NA,99,99,99,NA,NA,22.4,NA,NA,NA,NA,22.4,22.4,E,A,E,E,E,E,E,A,A,A,E,E,D,E,E,E,E,D,D
DT,Freshwater,Black,Crystal Creek,Crystal Creek,2024,Oct,11,11,%.Sat,90,70,236,0.23,87,93,101,NA,NA,99,NA,NA,NA,NA,99,99,99,NA,NA,NA,22.4,NA,NA,NA,22.4,22.4,E,E,A,E,E,E,E,A,A,A,E,E,E,D,E,E,E,D,D
DT,Freshwater,Black,Crystal Creek,Crystal Creek,2024,Dec,11,11,%.Sat,105,120,236,0.23,93,93,101,NA,99,NA,NA,NA,NA,NA,99,99,99,NA,NA,22.4,NA,NA,NA,NA,22.4,22.4,E,A,E,E,E,E,E,A,A,A,E,E,D,E,E,E,E,D,D
DT,Freshwater,Black,Crystal Creek,Crystal Creek,2024,Dec,11,11,%.Sat,90,70,236,0.23,93,93,101,NA,NA,99,NA,NA,NA,NA,99,99,99,NA,NA,NA,22.4,NA,NA,NA,22.4,22.4,E,E,A,E,E,E,E,A,A,A,E,E,E,D,E,E,E,D,D
DT,Freshwater,Black,Paluma Dam,Paluma Lake,2024,Jan,10,12,%.Sat,110,120,5,0,89,84,89,NA,87,NA,NA,NA,NA,NA,87,87,87,NA,NA,0.4,NA,NA,NA,NA,0.4,0.4,E,A,E,E,E,E,E,A,A,A,E,E,E,E,E,E,E,E,E
DT,Freshwater,Black,Paluma Dam,Paluma Lake,2024,Jan,10,12,%.Sat,90,70,5,0,89,84,89,NA,NA,87,NA,NA,NA,NA,87,87,87,NA,NA,NA,0.4,NA,NA,NA,0.4,0.4,E,E,A,E,E,E,E,A,A,A,E,E,E,E,E,E,E,E,E
DT,Freshwater,Black,Paluma Dam,Paluma Lake,2024,Feb,10,12,%.Sat,110,120,5,0,79,84,89,NA,87,NA,NA,NA,NA,NA,87,87,87,NA,NA,0.4,NA,NA,NA,NA,0.4,0.4,E,A,E,E,E,E,E,A,A,A,E,E,E,E,E,E,E,E,E
DT,Freshwater,Black,Paluma Dam,Paluma Lake,2024,Feb,10,12,%.Sat,90,70,5,0,79,84,89,NA,NA,87,NA,NA,NA,NA,87,87,87,NA,NA,NA,0.4,NA,NA,NA,0.4,0.4,E,E,A,E,E,E,E,A,A,A,E,E,E,E,E,E,E,E,E
DT,Freshwater,Black,Paluma Dam,Paluma Lake,2024,Mar,10,12,%.Sat,110,120,5,0,84,84,89,NA,87,NA,NA,NA,NA,NA,87,87,87,NA,NA,0.4,NA,NA,NA,NA,0.4,0.4,E,A,E,E,E,E,E,A,A,A,E,E,E,E,E,E,E,E,E
DT,Freshwater,Black,Paluma Dam,Paluma Lake,2024,Mar,10,12,%.Sat,90,70,5,0,84,84,89,NA,NA,87,NA,NA,NA,NA,87,87,87,NA,NA,NA,0.4,NA,NA,NA,0.4,0.4,E,E,A,E,E,E,E,A,A,A,E,E,E,E,E,E,E,E,E
DT,Freshwater,Black,Paluma Dam,Paluma Lake,2024,May,10,12,%.Sat,110,120,5,0,93,84,89,NA,87,NA,NA,NA,NA,NA,87,87,87,NA,NA,0.4,NA,NA,NA,NA,0.4,0.4,E,A,E,E,E,E,E,A,A,A,E,E,E,E,E,E,E,E,E
DT,Freshwater,Black,Paluma Dam,Paluma Lake,2024,May,10,12,%.Sat,90,70,5,0,93,84,89,NA,NA,87,NA,NA,NA,NA,87,87,87,NA,NA,NA,0.4,NA,NA,NA,0.4,0.4,E,E,A,E,E,E,E,A,A,A,E,E,E,E,E,E,E,E,E
DT,Freshwater,Black,Paluma Dam,Paluma Lake,2024,Jun,10,12,%.Sat,110,120,5,0,87,84,89,NA,87,NA,NA,NA,NA,NA,87,87,87,NA,NA,0.4,NA,NA,NA,NA,0.4,0.4,E,A,E,E,E,E,E,A,A,A,E,E,E,E,E,E,E,E,E
DT,Freshwater,Black,Paluma Dam,Paluma Lake,2024,Jun,10,12,%.Sat,90,70,5,0,87,84,89,NA,NA,87,NA,NA,NA,NA,87,87,87,NA,NA,NA,0.4,NA,NA,NA,0.4,0.4,E,E,A,E,E,E,E,A,A,A,E,E,E,E,E,E,E,E,E
DT,Freshwater,Black,Paluma Dam,Paluma Lake,2024,Jul,10,12,%.Sat,110,120,5,0,83,84,89,NA,87,NA,NA,NA,NA,NA,87,87,87,NA,NA,0.4,NA,NA,NA,NA,0.4,0.4,E,A,E,E,E,E,E,A,A,A,E,E,E,E,E,E,E,E,E
DT,Freshwater,Black,Paluma Dam,Paluma Lake,2024,Jul,10,12,%.Sat,90,70,5,0,83,84,89,NA,NA,87,NA,NA,NA,NA,87,87,87,NA,NA,NA,0.4,NA,NA,NA,0.4,0.4,E,E,A,E,E,E,E,A,A,A,E,E,E,E,E,E,E,E,E
DT,Freshwater,Black,Paluma Dam,Paluma Lake,2024,Aug,10,12,%.Sat,110,120,5,0,89,84,89,NA,87,NA,NA,NA,NA,NA,87,87,87,NA,NA,0.4,NA,NA,NA,NA,0.4,0.4,E,A,E,E,E,E,E,A,A,A,E,E,E,E,E,E,E,E,E
DT,Freshwater,Black,Paluma Dam,Paluma Lake,2024,Aug,10,12,%.Sat,90,70,5,0,89,84,89,NA,NA,87,NA,NA,NA,NA,87,87,87,NA,NA,NA,0.4,NA,NA,NA,0.4,0.4,E,E,A,E,E,E,E,A,A,A,E,E,E,E,E,E,E,E,E
DT,Freshwater,Black,Paluma Dam,Paluma Lake,2024,Sep,10,12,%.Sat,110,120,5,0,85,84,89,NA,87,NA,NA,NA,NA,NA,87,87,87,NA,NA,0.4,NA,NA,NA,NA,0.4,0.4,E,A,E,E,E,E,E,A,A,A,E,E,E,E,E,E,E,E,E
DT,Freshwater,Black,Paluma Dam,Paluma Lake,2024,Sep,10,12,%.Sat,90,70,5,0,85,84,89,NA,NA,87,NA,NA,NA,NA,87,87,87,NA,NA,NA,0.4,NA,NA,NA,0.4,0.4,E,E,A,E,E,E,E,A,A,A,E,E,E,E,E,E,E,E,E
DT,Freshwater,Black,Paluma Dam,Paluma Lake,2024,Oct,10,12,%.Sat,110,120,5,0,87,84,89,NA,87,NA,NA,NA,NA,NA,87,87,87,NA,NA,0.4,NA,NA,NA,NA,0.4,0.4,E,A,E,E,E,E,E,A,A,A,E,E,E,E,E,E,E,E,E
DT,Freshwater,Black,Paluma Dam,Paluma Lake,2024,Oct,10,12,%.Sat,90,70,5,0,87,84,89,NA,NA,87,NA,NA,NA,NA,87,87,87,NA,NA,NA,0.4,NA,NA,NA,0.4,0.4,E,E,A,E,E,E,E,A,A,A,E,E,E,E,E,E,E,E,E
DT,Freshwater,Black,Paluma Dam,Paluma Lake,2024,Nov,10,12,%.Sat,110,120,5,0,91,84,89,NA,87,NA,NA,NA,NA,NA,87,87,87,NA,NA,0.4,NA,NA,NA,NA,0.4,0.4,E,A,E,E,E,E,E,A,A,A,E,E,E,E,E,E,E,E,E
DT,Freshwater,Black,Paluma Dam,Paluma Lake,2024,Nov,10,12,%.Sat,90,70,5,0,91,84,89,NA,NA,87,NA,NA,NA,NA,87,87,87,NA,NA,NA,0.4,NA,NA,NA,0.4,0.4,E,E,A,E,E,E,E,A,A,A,E,E,E,E,E,E,E,E,E
DT,NA,Ross,Upper Ross River,NA,NA,NA,NA,NA,NA,NA,NA,760,0.59,NA,NA,NA,0,100,100,0,8,NA,0,NA,100,100,0,NA,59,59,0,4.7,0,59,59,E,A,A,E,E,E,E,E,A,A,E,E,C,C,E,E,E,C,C
DT,NA,Ross,Lower Ross River,NA,NA,NA,NA,NA,NA,NA,NA,123,0.1,NA,NA,NA,0,79,79,0,3,NA,0,NA,79,79,0,NA,7.6,7.6,0,0.4,0,7.6,7.6,E,B,B,E,E,E,E,E,B,B,E,E,E,E,E,E,E,E,E
DT,NA,Ross,Bohle River,NA,NA,NA,NA,NA,NA,NA,NA,305,0.24,NA,NA,NA,2,56,56,3,8,NA,2,NA,56,56,0.5,NA,13.3,13.3,0.9,1.9,0.7,13.3,13.3,E,C,C,E,E,E,E,E,C,C,E,E,E,E,E,E,E,E,E
DT,NA,Black,Black River,NA,NA,NA,NA,NA,NA,NA,NA,299,0.29,NA,NA,NA,0,98,98,0,1,NA,0,NA,98,98,0,NA,28.3,28.3,0,0.3,0,28.3,28.3,E,A,A,E,E,E,E,E,A,A,E,E,D,D,E,E,E,D,D
DT,NA,Black,Bluewater Creek,NA,NA,NA,NA,NA,NA,NA,NA,287,0.27,NA,NA,NA,0,94,94,0,4,NA,0,NA,94,94,0,NA,25.8,25.8,0,1.3,0,25.8,25.8,E,A,A,E,E,E,E,E,A,A,E,E,D,D,E,E,E,D,D
DT,NA,Black,Rollingstone Creek,NA,NA,NA,NA,NA,NA,NA,NA,219,0.21,NA,NA,NA,0,91,91,0,1,NA,0,NA,91,91,0,NA,19.1,19.1,0,0.4,0,19.1,19.1,E,A,A,E,E,E,E,E,A,A,E,E,E,E,E,E,E,E,E
DT,NA,Black,Crystal Creek,NA,NA,NA,NA,NA,NA,NA,NA,236,0.23,NA,NA,NA,0,87,87,0,0,NA,0,NA,87,87,0,NA,19.7,19.7,0,0.1,0,19.7,19.7,E,A,A,E,E,E,E,E,A,A,E,E,E,E,E,E,E,E,E
DT,NA,Black,Paluma Dam,NA,NA,NA,NA,NA,NA,NA,NA,5,0,NA,NA,NA,0,87,87,0,1,NA,0,NA,87,87,0,NA,0.4,0.4,0,0,0,0.4,0.4,E,A,A,E,E,E,E,E,A,A,E,E,E,E,E,E,E,E,E
DT,NA,Ross,NA,NA,NA,NA,NA,NA,NA,NA,NA,1189,NA,NA,NA,NA,0,75,75,1,5,NA,1,NA,75,75,0.6,0,80,80,0.9,7,0.7,80,80,E,B,B,E,E,E,E,E,B,B,E,E,B,B,E,E,E,B,B
DT,NA,Black,NA,NA,NA,NA,NA,NA,NA,NA,NA,1047,NA,NA,NA,NA,0,91,91,0,2,NA,0,NA,91,91,0,0,93.3,93.3,0,2.1,0,93.3,93.3,E,A,A,E,E,E,E,E,A,A,E,E,A,A,E,E,E,A,A
